Id,TypeOfComputationUsed,GraphicalModelName,Iteration,MinAndMaxProbabilityofQueryequalsTrue,MaxAndMaxProbabilityofQueryequalsTrue,IntervalLength,NumberOfExtremePoints,AllExplored,Time,Total Time,Parameter 1,Parameter 2,Parameter 3,Parameter 4,Parameter 5
0,S-BP,BinaryTreeModel5Incremental,0,0.0,1.0,1.0,2,false,0.086,0.086,0,0,0,0,0
1,S-BP,BinaryTreeModel5Incremental,1,0.0,1.0,1.0,3,false,0.237,0.32299999999999995,0,0,0,0,0
2,S-BP,BinaryTreeModel5Incremental,2,0.0,1.0,1.0,3,false,0.134,0.45699999999999996,0,0,0,0,0
3,S-BP,BinaryTreeModel5Incremental,3,0.1065989847715736,1.0,0.8934010152284264,8,false,0.262,0.719,0,0,0,0,0
4,S-BP,BinaryTreeModel5Incremental,4,0.1065989847715736,1.0,0.8934010152284264,8,false,0.124,0.843,0,0,0,0,0
5,S-BP,BinaryTreeModel5Incremental,5,0.1065989847715736,0.8286066584463625,0.7220076736747889,16,false,0.23,1.073,0,0,0,0,0
6,S-BP,BinaryTreeModel5Incremental,6,0.1065989847715736,0.8286066584463625,0.7220076736747889,16,false,0.248,1.321,0,0,0,0,0
7,S-BP,BinaryTreeModel5Incremental,7,0.25124943207632894,0.7868550368550369,0.5356056047787079,32,false,0.407,1.728,0,0,0,0,0
8,S-BP,BinaryTreeModel5Incremental,8,0.25124943207632894,0.7868550368550369,0.5356056047787079,32,false,0.38,2.108,0,0,0,0,0
9,S-BP,BinaryTreeModel5Incremental,9,0.25265754926746065,0.7843341069928377,0.531676557725377,64,false,0.5,2.608,0,0,0,0,0
10,S-BP,BinaryTreeModel5Incremental,10,0.25265754926746065,0.7843341069928377,0.531676557725377,64,false,0.372,2.98,0,0,0,0,0
11,S-BP,BinaryTreeModel5Incremental,11,0.28918489871936576,0.7477617442402307,0.4585768455208649,128,false,0.707,3.687,0,0,0,0,0
12,S-BP,BinaryTreeModel5Incremental,12,0.28918489871936576,0.7477617442402307,0.4585768455208649,128,false,0.552,4.239,0,0,0,0,0
13,S-BP,BinaryTreeModel5Incremental,13,0.28918489871936576,0.49672985476636844,0.20754495604700268,256,false,1.025,5.263999999999999,0,0,0,0,0
14,S-BP,BinaryTreeModel5Incremental,14,0.28918489871936576,0.49672985476636844,0.20754495604700268,256,false,1.053,6.316999999999999,0,0,0,0,0
15,S-BP,BinaryTreeModel5Incremental,15,0.2919217544932245,0.49391282042035367,0.20199106592712918,128,false,0.6,6.916999999999999,0,0,0,0,0
16,S-BP,BinaryTreeModel5Incremental,16,0.2919217544932245,0.49391282042035367,0.20199106592712918,128,false,0.552,7.468999999999999,0,0,0,0,0
17,S-BP,BinaryTreeModel5Incremental,17,0.3132481292110411,0.4569657512749774,0.1437176220639363,64,false,0.349,7.818,0,0,0,0,0
18,S-BP,BinaryTreeModel5Incremental,18,0.3132481292110411,0.4569657512749774,0.1437176220639363,64,false,0.345,8.163,0,0,0,0,0
19,S-BP,BinaryTreeModel5Incremental,19,0.31562067985456643,0.45572966110285834,0.1401089812482919,32,false,0.236,8.399000000000001,0,0,0,0,0
20,S-BP,BinaryTreeModel5Incremental,20,0.31562067985456643,0.45572966110285834,0.1401089812482919,32,false,0.232,8.631,0,0,0,0,0
21,S-BP,BinaryTreeModel5Incremental,21,0.31659229896099106,0.4552790513221614,0.13868675236117034,16,false,0.176,8.807,0,0,0,0,0
22,S-BP,BinaryTreeModel5Incremental,22,0.31659229896099106,0.4552790513221614,0.13868675236117034,16,false,0.263,9.07,0,0,0,0,0
23,S-BP,BinaryTreeModel5Incremental,23,0.3379958559717999,0.4311620934909855,0.09316623751918562,8,false,0.155,9.225,0,0,0,0,0
24,S-BP,BinaryTreeModel5Incremental,24,0.3379958559717999,0.4311620934909855,0.09316623751918562,8,false,0.154,9.379,0,0,0,0,0
25,S-BP,BinaryTreeModel5Incremental,25,0.3379958559717999,0.4311620934909855,0.09316623751918562,4,false,0.111,9.49,0,0,0,0,0
26,S-BP,BinaryTreeModel5Incremental,26,0.3379958559717999,0.4311620934909855,0.09316623751918562,4,false,0.119,9.609,0,0,0,0,0
27,S-BP,BinaryTreeModel5Incremental,27,0.3379958559717999,0.4034038245895786,0.0654079686177787,2,false,0.075,9.684,0,0,0,0,0
28,S-BP,BinaryTreeModel5Incremental,28,0.3379958559717999,0.4034038245895786,0.0654079686177787,2,false,0.061,9.745,0,0,0,0,0
29,S-BP,BinaryTreeModel5Incremental,29,0.38919006107356763,0.38919006107356763,0.0,1,true,0.055,9.799999999999999,0,0,0,0,0
30,S-BP,BinaryTreeModel5Incremental,0,0.0,1.0,1.0,2,false,0.0,0.0,0,0,0,0,0
31,S-BP,BinaryTreeModel5Incremental,1,0.0,1.0,1.0,3,false,0.024,0.024,0,0,0,0,0
32,S-BP,BinaryTreeModel5Incremental,2,0.0,1.0,1.0,3,false,0.025,0.049,0,0,0,0,0
33,S-BP,BinaryTreeModel5Incremental,3,0.1065989847715736,1.0,0.8934010152284264,8,false,0.081,0.13,0,0,0,0,0
34,S-BP,BinaryTreeModel5Incremental,4,0.1065989847715736,1.0,0.8934010152284264,8,false,0.051,0.181,0,0,0,0,0
35,S-BP,BinaryTreeModel5Incremental,5,0.1065989847715736,0.8286066584463625,0.7220076736747889,16,false,0.114,0.295,0,0,0,0,0
36,S-BP,BinaryTreeModel5Incremental,6,0.1065989847715736,0.8286066584463625,0.7220076736747889,16,false,0.114,0.409,0,0,0,0,0
37,S-BP,BinaryTreeModel5Incremental,7,0.25124943207632894,0.7868550368550369,0.5356056047787079,32,false,0.231,0.64,0,0,0,0,0
38,S-BP,BinaryTreeModel5Incremental,8,0.25124943207632894,0.7868550368550369,0.5356056047787079,32,false,0.204,0.844,0,0,0,0,0
39,S-BP,BinaryTreeModel5Incremental,9,0.25265754926746065,0.7843341069928377,0.531676557725377,64,false,0.394,1.238,0,0,0,0,0
40,S-BP,BinaryTreeModel5Incremental,10,0.25265754926746065,0.7843341069928377,0.531676557725377,64,false,0.306,1.544,0,0,0,0,0
41,S-BP,BinaryTreeModel5Incremental,11,0.28918489871936576,0.7477617442402307,0.4585768455208649,128,false,0.541,2.085,0,0,0,0,0
42,S-BP,BinaryTreeModel5Incremental,12,0.28918489871936576,0.7477617442402307,0.4585768455208649,128,false,0.538,2.623,0,0,0,0,0
43,S-BP,BinaryTreeModel5Incremental,13,0.28918489871936576,0.49672985476636844,0.20754495604700268,256,false,0.951,3.5740000000000003,0,0,0,0,0
44,S-BP,BinaryTreeModel5Incremental,14,0.28918489871936576,0.49672985476636844,0.20754495604700268,256,false,0.933,4.507000000000001,0,0,0,0,0
45,S-BP,BinaryTreeModel5Incremental,15,0.2919217544932245,0.49391282042035367,0.20199106592712918,128,false,0.532,5.039000000000001,0,0,0,0,0
46,S-BP,BinaryTreeModel5Incremental,16,0.2919217544932245,0.49391282042035367,0.20199106592712918,128,false,0.537,5.5760000000000005,0,0,0,0,0
47,S-BP,BinaryTreeModel5Incremental,17,0.3132481292110411,0.4569657512749774,0.1437176220639363,64,false,0.342,5.918,0,0,0,0,0
48,S-BP,BinaryTreeModel5Incremental,18,0.3132481292110411,0.4569657512749774,0.1437176220639363,64,false,0.349,6.267,0,0,0,0,0
49,S-BP,BinaryTreeModel5Incremental,19,0.31562067985456643,0.45572966110285834,0.1401089812482919,32,false,0.24,6.507000000000001,0,0,0,0,0
50,S-BP,BinaryTreeModel5Incremental,20,0.31562067985456643,0.45572966110285834,0.1401089812482919,32,false,0.243,6.750000000000001,0,0,0,0,0
51,S-BP,BinaryTreeModel5Incremental,21,0.31659229896099106,0.4552790513221614,0.13868675236117034,16,false,0.18,6.930000000000001,0,0,0,0,0
52,S-BP,BinaryTreeModel5Incremental,22,0.31659229896099106,0.4552790513221614,0.13868675236117034,16,false,0.256,7.186000000000001,0,0,0,0,0
53,S-BP,BinaryTreeModel5Incremental,23,0.3379958559717999,0.4311620934909855,0.09316623751918562,8,false,0.169,7.355,0,0,0,0,0
54,S-BP,BinaryTreeModel5Incremental,24,0.3379958559717999,0.4311620934909855,0.09316623751918562,8,false,0.137,7.492000000000001,0,0,0,0,0
55,S-BP,BinaryTreeModel5Incremental,25,0.3379958559717999,0.4311620934909855,0.09316623751918562,4,false,0.099,7.591000000000001,0,0,0,0,0
56,S-BP,BinaryTreeModel5Incremental,26,0.3379958559717999,0.4311620934909855,0.09316623751918562,4,false,0.106,7.697000000000001,0,0,0,0,0
57,S-BP,BinaryTreeModel5Incremental,27,0.3379958559717999,0.4034038245895786,0.0654079686177787,2,false,0.078,7.775000000000001,0,0,0,0,0
58,S-BP,BinaryTreeModel5Incremental,28,0.3379958559717999,0.4034038245895786,0.0654079686177787,2,false,0.07,7.8450000000000015,0,0,0,0,0
59,S-BP,BinaryTreeModel5Incremental,29,0.38919006107356763,0.38919006107356763,0.0,1,true,0.051,7.896000000000002,0,0,0,0,0
60,S-BP,BinaryTreeModel5Incremental,0,0.0,1.0,1.0,2,false,0.0,0.0,0,0,0,0,0
61,S-BP,BinaryTreeModel5Incremental,1,0.0,1.0,1.0,3,false,0.027,0.027,0,0,0,0,0
62,S-BP,BinaryTreeModel5Incremental,2,0.0,1.0,1.0,3,false,0.023,0.05,0,0,0,0,0
63,S-BP,BinaryTreeModel5Incremental,3,0.1065989847715736,1.0,0.8934010152284264,8,false,0.081,0.131,0,0,0,0,0
64,S-BP,BinaryTreeModel5Incremental,4,0.1065989847715736,1.0,0.8934010152284264,8,false,0.05,0.181,0,0,0,0,0
65,S-BP,BinaryTreeModel5Incremental,5,0.1065989847715736,0.8286066584463625,0.7220076736747889,16,false,0.111,0.292,0,0,0,0,0
66,S-BP,BinaryTreeModel5Incremental,6,0.1065989847715736,0.8286066584463625,0.7220076736747889,16,false,0.117,0.409,0,0,0,0,0
67,S-BP,BinaryTreeModel5Incremental,7,0.25124943207632894,0.7868550368550369,0.5356056047787079,32,false,0.245,0.6539999999999999,0,0,0,0,0
68,S-BP,BinaryTreeModel5Incremental,8,0.25124943207632894,0.7868550368550369,0.5356056047787079,32,false,0.208,0.8619999999999999,0,0,0,0,0
69,S-BP,BinaryTreeModel5Incremental,9,0.25265754926746065,0.7843341069928377,0.531676557725377,64,false,0.435,1.297,0,0,0,0,0
70,S-BP,BinaryTreeModel5Incremental,10,0.25265754926746065,0.7843341069928377,0.531676557725377,64,false,0.332,1.629,0,0,0,0,0
71,S-BP,BinaryTreeModel5Incremental,11,0.28918489871936576,0.7477617442402307,0.4585768455208649,128,false,0.526,2.1550000000000002,0,0,0,0,0
72,S-BP,BinaryTreeModel5Incremental,12,0.28918489871936576,0.7477617442402307,0.4585768455208649,128,false,0.495,2.6500000000000004,0,0,0,0,0
73,S-BP,BinaryTreeModel5Incremental,13,0.28918489871936576,0.49672985476636844,0.20754495604700268,256,false,0.93,3.5800000000000005,0,0,0,0,0
74,S-BP,BinaryTreeModel5Incremental,14,0.28918489871936576,0.49672985476636844,0.20754495604700268,256,false,0.927,4.507000000000001,0,0,0,0,0
75,S-BP,BinaryTreeModel5Incremental,15,0.2919217544932245,0.49391282042035367,0.20199106592712918,128,false,0.572,5.079000000000001,0,0,0,0,0
76,S-BP,BinaryTreeModel5Incremental,16,0.2919217544932245,0.49391282042035367,0.20199106592712918,128,false,0.528,5.607000000000001,0,0,0,0,0
77,S-BP,BinaryTreeModel5Incremental,17,0.3132481292110411,0.4569657512749774,0.1437176220639363,64,false,0.334,5.941000000000001,0,0,0,0,0
78,S-BP,BinaryTreeModel5Incremental,18,0.3132481292110411,0.4569657512749774,0.1437176220639363,64,false,0.344,6.285000000000001,0,0,0,0,0
79,S-BP,BinaryTreeModel5Incremental,19,0.31562067985456643,0.45572966110285834,0.1401089812482919,32,false,0.232,6.517000000000001,0,0,0,0,0
80,S-BP,BinaryTreeModel5Incremental,20,0.31562067985456643,0.45572966110285834,0.1401089812482919,32,false,0.226,6.743000000000001,0,0,0,0,0
81,S-BP,BinaryTreeModel5Incremental,21,0.31659229896099106,0.4552790513221614,0.13868675236117034,16,false,0.184,6.927000000000001,0,0,0,0,0
82,S-BP,BinaryTreeModel5Incremental,22,0.31659229896099106,0.4552790513221614,0.13868675236117034,16,false,0.248,7.175000000000002,0,0,0,0,0
83,S-BP,BinaryTreeModel5Incremental,23,0.3379958559717999,0.4311620934909855,0.09316623751918562,8,false,0.152,7.327000000000002,0,0,0,0,0
84,S-BP,BinaryTreeModel5Incremental,24,0.3379958559717999,0.4311620934909855,0.09316623751918562,8,false,0.153,7.480000000000001,0,0,0,0,0
85,S-BP,BinaryTreeModel5Incremental,25,0.3379958559717999,0.4311620934909855,0.09316623751918562,4,false,0.099,7.5790000000000015,0,0,0,0,0
86,S-BP,BinaryTreeModel5Incremental,26,0.3379958559717999,0.4311620934909855,0.09316623751918562,4,false,0.104,7.683000000000002,0,0,0,0,0
87,S-BP,BinaryTreeModel5Incremental,27,0.3379958559717999,0.4034038245895786,0.0654079686177787,2,false,0.077,7.760000000000002,0,0,0,0,0
88,S-BP,BinaryTreeModel5Incremental,28,0.3379958559717999,0.4034038245895786,0.0654079686177787,2,false,0.068,7.828000000000001,0,0,0,0,0
89,S-BP,BinaryTreeModel5Incremental,29,0.38919006107356763,0.38919006107356763,0.0,1,true,0.05,7.878000000000001,0,0,0,0,0
90,S-BP,BinaryTreeModel5Incremental,0,0.0,1.0,1.0,2,false,0.0,0.0,0,0,0,0,0
91,S-BP,BinaryTreeModel5Incremental,1,0.0,1.0,1.0,3,false,0.025,0.025,0,0,0,0,0
92,S-BP,BinaryTreeModel5Incremental,2,0.0,1.0,1.0,3,false,0.024,0.049,0,0,0,0,0
93,S-BP,BinaryTreeModel5Incremental,3,0.1065989847715736,1.0,0.8934010152284264,8,false,0.082,0.131,0,0,0,0,0
94,S-BP,BinaryTreeModel5Incremental,4,0.1065989847715736,1.0,0.8934010152284264,8,false,0.051,0.182,0,0,0,0,0
95,S-BP,BinaryTreeModel5Incremental,5,0.1065989847715736,0.8286066584463625,0.7220076736747889,16,false,0.117,0.299,0,0,0,0,0
96,S-BP,BinaryTreeModel5Incremental,6,0.1065989847715736,0.8286066584463625,0.7220076736747889,16,false,0.122,0.421,0,0,0,0,0
97,S-BP,BinaryTreeModel5Incremental,7,0.25124943207632894,0.7868550368550369,0.5356056047787079,32,false,0.232,0.653,0,0,0,0,0
98,S-BP,BinaryTreeModel5Incremental,8,0.25124943207632894,0.7868550368550369,0.5356056047787079,32,false,0.199,0.8520000000000001,0,0,0,0,0
99,S-BP,BinaryTreeModel5Incremental,9,0.25265754926746065,0.7843341069928377,0.531676557725377,64,false,0.39,1.242,0,0,0,0,0
100,S-BP,BinaryTreeModel5Incremental,10,0.25265754926746065,0.7843341069928377,0.531676557725377,64,false,0.3,1.542,0,0,0,0,0
101,S-BP,BinaryTreeModel5Incremental,11,0.28918489871936576,0.7477617442402307,0.4585768455208649,128,false,0.526,2.068,0,0,0,0,0
102,S-BP,BinaryTreeModel5Incremental,12,0.28918489871936576,0.7477617442402307,0.4585768455208649,128,false,0.517,2.585,0,0,0,0,0
103,S-BP,BinaryTreeModel5Incremental,13,0.28918489871936576,0.49672985476636844,0.20754495604700268,256,false,1.013,3.598,0,0,0,0,0
104,S-BP,BinaryTreeModel5Incremental,14,0.28918489871936576,0.49672985476636844,0.20754495604700268,256,false,0.945,4.543,0,0,0,0,0
105,S-BP,BinaryTreeModel5Incremental,15,0.2919217544932245,0.49391282042035367,0.20199106592712918,128,false,0.556,5.099,0,0,0,0,0
106,S-BP,BinaryTreeModel5Incremental,16,0.2919217544932245,0.49391282042035367,0.20199106592712918,128,false,0.559,5.658,0,0,0,0,0
107,S-BP,BinaryTreeModel5Incremental,17,0.3132481292110411,0.4569657512749774,0.1437176220639363,64,false,0.348,6.006,0,0,0,0,0
108,S-BP,BinaryTreeModel5Incremental,18,0.3132481292110411,0.4569657512749774,0.1437176220639363,64,false,0.399,6.405,0,0,0,0,0
109,S-BP,BinaryTreeModel5Incremental,19,0.31562067985456643,0.45572966110285834,0.1401089812482919,32,false,0.264,6.6690000000000005,0,0,0,0,0
110,S-BP,BinaryTreeModel5Incremental,20,0.31562067985456643,0.45572966110285834,0.1401089812482919,32,false,0.263,6.932,0,0,0,0,0
111,S-BP,BinaryTreeModel5Incremental,21,0.31659229896099106,0.4552790513221614,0.13868675236117034,16,false,0.18,7.112,0,0,0,0,0
112,S-BP,BinaryTreeModel5Incremental,22,0.31659229896099106,0.4552790513221614,0.13868675236117034,16,false,0.252,7.364,0,0,0,0,0
113,S-BP,BinaryTreeModel5Incremental,23,0.3379958559717999,0.4311620934909855,0.09316623751918562,8,false,0.159,7.523,0,0,0,0,0
114,S-BP,BinaryTreeModel5Incremental,24,0.3379958559717999,0.4311620934909855,0.09316623751918562,8,false,0.142,7.665,0,0,0,0,0
115,S-BP,BinaryTreeModel5Incremental,25,0.3379958559717999,0.4311620934909855,0.09316623751918562,4,false,0.104,7.769,0,0,0,0,0
116,S-BP,BinaryTreeModel5Incremental,26,0.3379958559717999,0.4311620934909855,0.09316623751918562,4,false,0.108,7.877,0,0,0,0,0
117,S-BP,BinaryTreeModel5Incremental,27,0.3379958559717999,0.4034038245895786,0.0654079686177787,2,false,0.084,7.960999999999999,0,0,0,0,0
118,S-BP,BinaryTreeModel5Incremental,28,0.3379958559717999,0.4034038245895786,0.0654079686177787,2,false,0.064,8.024999999999999,0,0,0,0,0
119,S-BP,BinaryTreeModel5Incremental,29,0.38919006107356763,0.38919006107356763,0.0,1,true,0.054,8.078999999999999,0,0,0,0,0
120,S-BP,BinaryTreeModel5Incremental,0,0.0,1.0,1.0,2,false,0.0,0.0,0,0,0,0,0
121,S-BP,BinaryTreeModel5Incremental,1,0.0,1.0,1.0,3,false,0.026,0.026,0,0,0,0,0
122,S-BP,BinaryTreeModel5Incremental,2,0.0,1.0,1.0,3,false,0.023,0.049,0,0,0,0,0
123,S-BP,BinaryTreeModel5Incremental,3,0.1065989847715736,1.0,0.8934010152284264,8,false,0.083,0.132,0,0,0,0,0
124,S-BP,BinaryTreeModel5Incremental,4,0.1065989847715736,1.0,0.8934010152284264,8,false,0.046,0.178,0,0,0,0,0
125,S-BP,BinaryTreeModel5Incremental,5,0.1065989847715736,0.8286066584463625,0.7220076736747889,16,false,0.112,0.29,0,0,0,0,0
126,S-BP,BinaryTreeModel5Incremental,6,0.1065989847715736,0.8286066584463625,0.7220076736747889,16,false,0.119,0.409,0,0,0,0,0
127,S-BP,BinaryTreeModel5Incremental,7,0.25124943207632894,0.7868550368550369,0.5356056047787079,32,false,0.231,0.64,0,0,0,0,0
128,S-BP,BinaryTreeModel5Incremental,8,0.25124943207632894,0.7868550368550369,0.5356056047787079,32,false,0.206,0.846,0,0,0,0,0
129,S-BP,BinaryTreeModel5Incremental,9,0.25265754926746065,0.7843341069928377,0.531676557725377,64,false,0.383,1.229,0,0,0,0,0
130,S-BP,BinaryTreeModel5Incremental,10,0.25265754926746065,0.7843341069928377,0.531676557725377,64,false,0.301,1.53,0,0,0,0,0
131,S-BP,BinaryTreeModel5Incremental,11,0.28918489871936576,0.7477617442402307,0.4585768455208649,128,false,0.535,2.065,0,0,0,0,0
132,S-BP,BinaryTreeModel5Incremental,12,0.28918489871936576,0.7477617442402307,0.4585768455208649,128,false,0.51,2.575,0,0,0,0,0
133,S-BP,BinaryTreeModel5Incremental,13,0.28918489871936576,0.49672985476636844,0.20754495604700268,256,false,0.9,3.475,0,0,0,0,0
134,S-BP,BinaryTreeModel5Incremental,14,0.28918489871936576,0.49672985476636844,0.20754495604700268,256,false,0.923,4.398,0,0,0,0,0
135,S-BP,BinaryTreeModel5Incremental,15,0.2919217544932245,0.49391282042035367,0.20199106592712918,128,false,0.541,4.939,0,0,0,0,0
136,S-BP,BinaryTreeModel5Incremental,16,0.2919217544932245,0.49391282042035367,0.20199106592712918,128,false,0.596,5.535,0,0,0,0,0
137,S-BP,BinaryTreeModel5Incremental,17,0.3132481292110411,0.4569657512749774,0.1437176220639363,64,false,0.385,5.92,0,0,0,0,0
138,S-BP,BinaryTreeModel5Incremental,18,0.3132481292110411,0.4569657512749774,0.1437176220639363,64,false,0.371,6.291,0,0,0,0,0
139,S-BP,BinaryTreeModel5Incremental,19,0.31562067985456643,0.45572966110285834,0.1401089812482919,32,false,0.25,6.541,0,0,0,0,0
140,S-BP,BinaryTreeModel5Incremental,20,0.31562067985456643,0.45572966110285834,0.1401089812482919,32,false,0.239,6.78,0,0,0,0,0
141,S-BP,BinaryTreeModel5Incremental,21,0.31659229896099106,0.4552790513221614,0.13868675236117034,16,false,0.187,6.9670000000000005,0,0,0,0,0
142,S-BP,BinaryTreeModel5Incremental,22,0.31659229896099106,0.4552790513221614,0.13868675236117034,16,false,0.27,7.237,0,0,0,0,0
143,S-BP,BinaryTreeModel5Incremental,23,0.3379958559717999,0.4311620934909855,0.09316623751918562,8,false,0.171,7.408,0,0,0,0,0
144,S-BP,BinaryTreeModel5Incremental,24,0.3379958559717999,0.4311620934909855,0.09316623751918562,8,false,0.157,7.565,0,0,0,0,0
145,S-BP,BinaryTreeModel5Incremental,25,0.3379958559717999,0.4311620934909855,0.09316623751918562,4,false,0.115,7.680000000000001,0,0,0,0,0
146,S-BP,BinaryTreeModel5Incremental,26,0.3379958559717999,0.4311620934909855,0.09316623751918562,4,false,0.113,7.793000000000001,0,0,0,0,0
147,S-BP,BinaryTreeModel5Incremental,27,0.3379958559717999,0.4034038245895786,0.0654079686177787,2,false,0.075,7.868000000000001,0,0,0,0,0
148,S-BP,BinaryTreeModel5Incremental,28,0.3379958559717999,0.4034038245895786,0.0654079686177787,2,false,0.068,7.936000000000001,0,0,0,0,0
149,S-BP,BinaryTreeModel5Incremental,29,0.38919006107356763,0.38919006107356763,0.0,1,true,0.055,7.9910000000000005,0,0,0,0,0
150,S-BP,BinaryTreeModel5Incremental,0,0.0,1.0,1.0,2,false,0.001,0.001,0,0,0,0,0
151,S-BP,BinaryTreeModel5Incremental,1,0.0,1.0,1.0,3,false,0.026,0.027,0,0,0,0,0
152,S-BP,BinaryTreeModel5Incremental,2,0.0,1.0,1.0,3,false,0.027,0.054,0,0,0,0,0
153,S-BP,BinaryTreeModel5Incremental,3,0.1065989847715736,1.0,0.8934010152284264,8,false,0.088,0.142,0,0,0,0,0
154,S-BP,BinaryTreeModel5Incremental,4,0.1065989847715736,1.0,0.8934010152284264,8,false,0.054,0.19599999999999998,0,0,0,0,0
155,S-BP,BinaryTreeModel5Incremental,5,0.1065989847715736,0.8286066584463625,0.7220076736747889,16,false,0.123,0.31899999999999995,0,0,0,0,0
156,S-BP,BinaryTreeModel5Incremental,6,0.1065989847715736,0.8286066584463625,0.7220076736747889,16,false,0.116,0.43499999999999994,0,0,0,0,0
157,S-BP,BinaryTreeModel5Incremental,7,0.25124943207632894,0.7868550368550369,0.5356056047787079,32,false,0.236,0.6709999999999999,0,0,0,0,0
158,S-BP,BinaryTreeModel5Incremental,8,0.25124943207632894,0.7868550368550369,0.5356056047787079,32,false,0.217,0.8879999999999999,0,0,0,0,0
159,S-BP,BinaryTreeModel5Incremental,9,0.25265754926746065,0.7843341069928377,0.531676557725377,64,false,0.385,1.273,0,0,0,0,0
160,S-BP,BinaryTreeModel5Incremental,10,0.25265754926746065,0.7843341069928377,0.531676557725377,64,false,0.322,1.595,0,0,0,0,0
161,S-BP,BinaryTreeModel5Incremental,11,0.28918489871936576,0.7477617442402307,0.4585768455208649,128,false,0.597,2.192,0,0,0,0,0
162,S-BP,BinaryTreeModel5Incremental,12,0.28918489871936576,0.7477617442402307,0.4585768455208649,128,false,0.527,2.7190000000000003,0,0,0,0,0
163,S-BP,BinaryTreeModel5Incremental,13,0.28918489871936576,0.49672985476636844,0.20754495604700268,256,false,0.96,3.6790000000000003,0,0,0,0,0
164,S-BP,BinaryTreeModel5Incremental,14,0.28918489871936576,0.49672985476636844,0.20754495604700268,256,false,0.957,4.636,0,0,0,0,0
165,S-BP,BinaryTreeModel5Incremental,15,0.2919217544932245,0.49391282042035367,0.20199106592712918,128,false,0.54,5.176,0,0,0,0,0
166,S-BP,BinaryTreeModel5Incremental,16,0.2919217544932245,0.49391282042035367,0.20199106592712918,128,false,0.585,5.761,0,0,0,0,0
167,S-BP,BinaryTreeModel5Incremental,17,0.3132481292110411,0.4569657512749774,0.1437176220639363,64,false,0.354,6.115,0,0,0,0,0
168,S-BP,BinaryTreeModel5Incremental,18,0.3132481292110411,0.4569657512749774,0.1437176220639363,64,false,0.339,6.454000000000001,0,0,0,0,0
169,S-BP,BinaryTreeModel5Incremental,19,0.31562067985456643,0.45572966110285834,0.1401089812482919,32,false,0.235,6.689000000000001,0,0,0,0,0
170,S-BP,BinaryTreeModel5Incremental,20,0.31562067985456643,0.45572966110285834,0.1401089812482919,32,false,0.222,6.911000000000001,0,0,0,0,0
171,S-BP,BinaryTreeModel5Incremental,21,0.31659229896099106,0.4552790513221614,0.13868675236117034,16,false,0.169,7.080000000000001,0,0,0,0,0
172,S-BP,BinaryTreeModel5Incremental,22,0.31659229896099106,0.4552790513221614,0.13868675236117034,16,false,0.247,7.327000000000001,0,0,0,0,0
173,S-BP,BinaryTreeModel5Incremental,23,0.3379958559717999,0.4311620934909855,0.09316623751918562,8,false,0.148,7.4750000000000005,0,0,0,0,0
174,S-BP,BinaryTreeModel5Incremental,24,0.3379958559717999,0.4311620934909855,0.09316623751918562,8,false,0.144,7.619000000000001,0,0,0,0,0
175,S-BP,BinaryTreeModel5Incremental,25,0.3379958559717999,0.4311620934909855,0.09316623751918562,4,false,0.096,7.715000000000001,0,0,0,0,0
176,S-BP,BinaryTreeModel5Incremental,26,0.3379958559717999,0.4311620934909855,0.09316623751918562,4,false,0.104,7.819000000000001,0,0,0,0,0
177,S-BP,BinaryTreeModel5Incremental,27,0.3379958559717999,0.4034038245895786,0.0654079686177787,2,false,0.07,7.889000000000001,0,0,0,0,0
178,S-BP,BinaryTreeModel5Incremental,28,0.3379958559717999,0.4034038245895786,0.0654079686177787,2,false,0.066,7.955000000000001,0,0,0,0,0
179,S-BP,BinaryTreeModel5Incremental,29,0.38919006107356763,0.38919006107356763,0.0,1,true,0.049,8.004000000000001,0,0,0,0,0
180,S-BP,BinaryTreeModel5Incremental,0,0.0,1.0,1.0,2,false,0.0,0.0,0,0,0,0,0
181,S-BP,BinaryTreeModel5Incremental,1,0.0,1.0,1.0,3,false,0.024,0.024,0,0,0,0,0
182,S-BP,BinaryTreeModel5Incremental,2,0.0,1.0,1.0,3,false,0.023,0.047,0,0,0,0,0
183,S-BP,BinaryTreeModel5Incremental,3,0.1065989847715736,1.0,0.8934010152284264,8,false,0.079,0.126,0,0,0,0,0
184,S-BP,BinaryTreeModel5Incremental,4,0.1065989847715736,1.0,0.8934010152284264,8,false,0.05,0.176,0,0,0,0,0
185,S-BP,BinaryTreeModel5Incremental,5,0.1065989847715736,0.8286066584463625,0.7220076736747889,16,false,0.116,0.292,0,0,0,0,0
186,S-BP,BinaryTreeModel5Incremental,6,0.1065989847715736,0.8286066584463625,0.7220076736747889,16,false,0.113,0.40499999999999997,0,0,0,0,0
187,S-BP,BinaryTreeModel5Incremental,7,0.25124943207632894,0.7868550368550369,0.5356056047787079,32,false,0.226,0.631,0,0,0,0,0
188,S-BP,BinaryTreeModel5Incremental,8,0.25124943207632894,0.7868550368550369,0.5356056047787079,32,false,0.205,0.836,0,0,0,0,0
189,S-BP,BinaryTreeModel5Incremental,9,0.25265754926746065,0.7843341069928377,0.531676557725377,64,false,0.392,1.228,0,0,0,0,0
190,S-BP,BinaryTreeModel5Incremental,10,0.25265754926746065,0.7843341069928377,0.531676557725377,64,false,0.312,1.54,0,0,0,0,0
191,S-BP,BinaryTreeModel5Incremental,11,0.28918489871936576,0.7477617442402307,0.4585768455208649,128,false,0.541,2.081,0,0,0,0,0
192,S-BP,BinaryTreeModel5Incremental,12,0.28918489871936576,0.7477617442402307,0.4585768455208649,128,false,0.506,2.5869999999999997,0,0,0,0,0
193,S-BP,BinaryTreeModel5Incremental,13,0.28918489871936576,0.49672985476636844,0.20754495604700268,256,false,0.94,3.5269999999999997,0,0,0,0,0
194,S-BP,BinaryTreeModel5Incremental,14,0.28918489871936576,0.49672985476636844,0.20754495604700268,256,false,0.917,4.444,0,0,0,0,0
195,S-BP,BinaryTreeModel5Incremental,15,0.2919217544932245,0.49391282042035367,0.20199106592712918,128,false,0.556,5.0,0,0,0,0,0
196,S-BP,BinaryTreeModel5Incremental,16,0.2919217544932245,0.49391282042035367,0.20199106592712918,128,false,0.522,5.522,0,0,0,0,0
197,S-BP,BinaryTreeModel5Incremental,17,0.3132481292110411,0.4569657512749774,0.1437176220639363,64,false,0.364,5.886,0,0,0,0,0
198,S-BP,BinaryTreeModel5Incremental,18,0.3132481292110411,0.4569657512749774,0.1437176220639363,64,false,0.337,6.223,0,0,0,0,0
199,S-BP,BinaryTreeModel5Incremental,19,0.31562067985456643,0.45572966110285834,0.1401089812482919,32,false,0.25,6.473,0,0,0,0,0
200,S-BP,BinaryTreeModel5Incremental,20,0.31562067985456643,0.45572966110285834,0.1401089812482919,32,false,0.255,6.728,0,0,0,0,0
201,S-BP,BinaryTreeModel5Incremental,21,0.31659229896099106,0.4552790513221614,0.13868675236117034,16,false,0.195,6.923,0,0,0,0,0
202,S-BP,BinaryTreeModel5Incremental,22,0.31659229896099106,0.4552790513221614,0.13868675236117034,16,false,0.288,7.211,0,0,0,0,0
203,S-BP,BinaryTreeModel5Incremental,23,0.3379958559717999,0.4311620934909855,0.09316623751918562,8,false,0.17,7.381,0,0,0,0,0
204,S-BP,BinaryTreeModel5Incremental,24,0.3379958559717999,0.4311620934909855,0.09316623751918562,8,false,0.157,7.538,0,0,0,0,0
205,S-BP,BinaryTreeModel5Incremental,25,0.3379958559717999,0.4311620934909855,0.09316623751918562,4,false,0.104,7.642,0,0,0,0,0
206,S-BP,BinaryTreeModel5Incremental,26,0.3379958559717999,0.4311620934909855,0.09316623751918562,4,false,0.11,7.752000000000001,0,0,0,0,0
207,S-BP,BinaryTreeModel5Incremental,27,0.3379958559717999,0.4034038245895786,0.0654079686177787,2,false,0.077,7.829000000000001,0,0,0,0,0
208,S-BP,BinaryTreeModel5Incremental,28,0.3379958559717999,0.4034038245895786,0.0654079686177787,2,false,0.072,7.901000000000001,0,0,0,0,0
209,S-BP,BinaryTreeModel5Incremental,29,0.38919006107356763,0.38919006107356763,0.0,1,true,0.056,7.957000000000001,0,0,0,0,0
210,S-BP,BinaryTreeModel5Incremental,0,0.0,1.0,1.0,2,false,0.001,0.001,0,0,0,0,0
211,S-BP,BinaryTreeModel5Incremental,1,0.0,1.0,1.0,3,false,0.025,0.026000000000000002,0,0,0,0,0
212,S-BP,BinaryTreeModel5Incremental,2,0.0,1.0,1.0,3,false,0.03,0.056,0,0,0,0,0
213,S-BP,BinaryTreeModel5Incremental,3,0.1065989847715736,1.0,0.8934010152284264,8,false,0.086,0.142,0,0,0,0,0
214,S-BP,BinaryTreeModel5Incremental,4,0.1065989847715736,1.0,0.8934010152284264,8,false,0.054,0.19599999999999998,0,0,0,0,0
215,S-BP,BinaryTreeModel5Incremental,5,0.1065989847715736,0.8286066584463625,0.7220076736747889,16,false,0.112,0.308,0,0,0,0,0
216,S-BP,BinaryTreeModel5Incremental,6,0.1065989847715736,0.8286066584463625,0.7220076736747889,16,false,0.124,0.432,0,0,0,0,0
217,S-BP,BinaryTreeModel5Incremental,7,0.25124943207632894,0.7868550368550369,0.5356056047787079,32,false,0.24,0.6719999999999999,0,0,0,0,0
218,S-BP,BinaryTreeModel5Incremental,8,0.25124943207632894,0.7868550368550369,0.5356056047787079,32,false,0.219,0.8909999999999999,0,0,0,0,0
219,S-BP,BinaryTreeModel5Incremental,9,0.25265754926746065,0.7843341069928377,0.531676557725377,64,false,0.441,1.3319999999999999,0,0,0,0,0
220,S-BP,BinaryTreeModel5Incremental,10,0.25265754926746065,0.7843341069928377,0.531676557725377,64,false,0.341,1.6729999999999998,0,0,0,0,0
221,S-BP,BinaryTreeModel5Incremental,11,0.28918489871936576,0.7477617442402307,0.4585768455208649,128,false,0.576,2.2489999999999997,0,0,0,0,0
222,S-BP,BinaryTreeModel5Incremental,12,0.28918489871936576,0.7477617442402307,0.4585768455208649,128,false,0.536,2.7849999999999997,0,0,0,0,0
223,S-BP,BinaryTreeModel5Incremental,13,0.28918489871936576,0.49672985476636844,0.20754495604700268,256,false,0.925,3.71,0,0,0,0,0
224,S-BP,BinaryTreeModel5Incremental,14,0.28918489871936576,0.49672985476636844,0.20754495604700268,256,false,0.931,4.641,0,0,0,0,0
225,S-BP,BinaryTreeModel5Incremental,15,0.2919217544932245,0.49391282042035367,0.20199106592712918,128,false,0.616,5.257,0,0,0,0,0
226,S-BP,BinaryTreeModel5Incremental,16,0.2919217544932245,0.49391282042035367,0.20199106592712918,128,false,0.56,5.817,0,0,0,0,0
227,S-BP,BinaryTreeModel5Incremental,17,0.3132481292110411,0.4569657512749774,0.1437176220639363,64,false,0.378,6.195,0,0,0,0,0
228,S-BP,BinaryTreeModel5Incremental,18,0.3132481292110411,0.4569657512749774,0.1437176220639363,64,false,0.375,6.57,0,0,0,0,0
229,S-BP,BinaryTreeModel5Incremental,19,0.31562067985456643,0.45572966110285834,0.1401089812482919,32,false,0.256,6.8260000000000005,0,0,0,0,0
230,S-BP,BinaryTreeModel5Incremental,20,0.31562067985456643,0.45572966110285834,0.1401089812482919,32,false,0.249,7.075,0,0,0,0,0
231,S-BP,BinaryTreeModel5Incremental,21,0.31659229896099106,0.4552790513221614,0.13868675236117034,16,false,0.194,7.269,0,0,0,0,0
232,S-BP,BinaryTreeModel5Incremental,22,0.31659229896099106,0.4552790513221614,0.13868675236117034,16,false,0.263,7.532,0,0,0,0,0
233,S-BP,BinaryTreeModel5Incremental,23,0.3379958559717999,0.4311620934909855,0.09316623751918562,8,false,0.157,7.689,0,0,0,0,0
234,S-BP,BinaryTreeModel5Incremental,24,0.3379958559717999,0.4311620934909855,0.09316623751918562,8,false,0.153,7.842,0,0,0,0,0
235,S-BP,BinaryTreeModel5Incremental,25,0.3379958559717999,0.4311620934909855,0.09316623751918562,4,false,0.105,7.947,0,0,0,0,0
236,S-BP,BinaryTreeModel5Incremental,26,0.3379958559717999,0.4311620934909855,0.09316623751918562,4,false,0.116,8.063,0,0,0,0,0
237,S-BP,BinaryTreeModel5Incremental,27,0.3379958559717999,0.4034038245895786,0.0654079686177787,2,false,0.082,8.145000000000001,0,0,0,0,0
238,S-BP,BinaryTreeModel5Incremental,28,0.3379958559717999,0.4034038245895786,0.0654079686177787,2,false,0.069,8.214000000000002,0,0,0,0,0
239,S-BP,BinaryTreeModel5Incremental,29,0.38919006107356763,0.38919006107356763,0.0,1,true,0.053,8.267000000000003,0,0,0,0,0
240,S-BP,BinaryTreeModel5Incremental,0,0.0,1.0,1.0,2,false,0.0,0.0,0,0,0,0,0
241,S-BP,BinaryTreeModel5Incremental,1,0.0,1.0,1.0,3,false,0.025,0.025,0,0,0,0,0
242,S-BP,BinaryTreeModel5Incremental,2,0.0,1.0,1.0,3,false,0.024,0.049,0,0,0,0,0
243,S-BP,BinaryTreeModel5Incremental,3,0.1065989847715736,1.0,0.8934010152284264,8,false,0.083,0.132,0,0,0,0,0
244,S-BP,BinaryTreeModel5Incremental,4,0.1065989847715736,1.0,0.8934010152284264,8,false,0.049,0.181,0,0,0,0,0
245,S-BP,BinaryTreeModel5Incremental,5,0.1065989847715736,0.8286066584463625,0.7220076736747889,16,false,0.113,0.294,0,0,0,0,0
246,S-BP,BinaryTreeModel5Incremental,6,0.1065989847715736,0.8286066584463625,0.7220076736747889,16,false,0.129,0.423,0,0,0,0,0
247,S-BP,BinaryTreeModel5Incremental,7,0.25124943207632894,0.7868550368550369,0.5356056047787079,32,false,0.258,0.681,0,0,0,0,0
248,S-BP,BinaryTreeModel5Incremental,8,0.25124943207632894,0.7868550368550369,0.5356056047787079,32,false,0.229,0.91,0,0,0,0,0
249,S-BP,BinaryTreeModel5Incremental,9,0.25265754926746065,0.7843341069928377,0.531676557725377,64,false,0.426,1.336,0,0,0,0,0
250,S-BP,BinaryTreeModel5Incremental,10,0.25265754926746065,0.7843341069928377,0.531676557725377,64,false,0.346,1.682,0,0,0,0,0
251,S-BP,BinaryTreeModel5Incremental,11,0.28918489871936576,0.7477617442402307,0.4585768455208649,128,false,0.615,2.2969999999999997,0,0,0,0,0
252,S-BP,BinaryTreeModel5Incremental,12,0.28918489871936576,0.7477617442402307,0.4585768455208649,128,false,0.563,2.8599999999999994,0,0,0,0,0
253,S-BP,BinaryTreeModel5Incremental,13,0.28918489871936576,0.49672985476636844,0.20754495604700268,256,false,1.003,3.8629999999999995,0,0,0,0,0
254,S-BP,BinaryTreeModel5Incremental,14,0.28918489871936576,0.49672985476636844,0.20754495604700268,256,false,1.018,4.880999999999999,0,0,0,0,0
255,S-BP,BinaryTreeModel5Incremental,15,0.2919217544932245,0.49391282042035367,0.20199106592712918,128,false,0.58,5.460999999999999,0,0,0,0,0
256,S-BP,BinaryTreeModel5Incremental,16,0.2919217544932245,0.49391282042035367,0.20199106592712918,128,false,0.569,6.029999999999999,0,0,0,0,0
257,S-BP,BinaryTreeModel5Incremental,17,0.3132481292110411,0.4569657512749774,0.1437176220639363,64,false,0.343,6.372999999999999,0,0,0,0,0
258,S-BP,BinaryTreeModel5Incremental,18,0.3132481292110411,0.4569657512749774,0.1437176220639363,64,false,0.346,6.718999999999999,0,0,0,0,0
259,S-BP,BinaryTreeModel5Incremental,19,0.31562067985456643,0.45572966110285834,0.1401089812482919,32,false,0.246,6.965,0,0,0,0,0
260,S-BP,BinaryTreeModel5Incremental,20,0.31562067985456643,0.45572966110285834,0.1401089812482919,32,false,0.231,7.196,0,0,0,0,0
261,S-BP,BinaryTreeModel5Incremental,21,0.31659229896099106,0.4552790513221614,0.13868675236117034,16,false,0.193,7.388999999999999,0,0,0,0,0
262,S-BP,BinaryTreeModel5Incremental,22,0.31659229896099106,0.4552790513221614,0.13868675236117034,16,false,0.267,7.656,0,0,0,0,0
263,S-BP,BinaryTreeModel5Incremental,23,0.3379958559717999,0.4311620934909855,0.09316623751918562,8,false,0.168,7.824,0,0,0,0,0
264,S-BP,BinaryTreeModel5Incremental,24,0.3379958559717999,0.4311620934909855,0.09316623751918562,8,false,0.154,7.978,0,0,0,0,0
265,S-BP,BinaryTreeModel5Incremental,25,0.3379958559717999,0.4311620934909855,0.09316623751918562,4,false,0.104,8.081999999999999,0,0,0,0,0
266,S-BP,BinaryTreeModel5Incremental,26,0.3379958559717999,0.4311620934909855,0.09316623751918562,4,false,0.113,8.194999999999999,0,0,0,0,0
267,S-BP,BinaryTreeModel5Incremental,27,0.3379958559717999,0.4034038245895786,0.0654079686177787,2,false,0.075,8.269999999999998,0,0,0,0,0
268,S-BP,BinaryTreeModel5Incremental,28,0.3379958559717999,0.4034038245895786,0.0654079686177787,2,false,0.071,8.340999999999998,0,0,0,0,0
269,S-BP,BinaryTreeModel5Incremental,29,0.38919006107356763,0.38919006107356763,0.0,1,true,0.055,8.395999999999997,0,0,0,0,0
270,S-BP,BinaryTreeModel5Incremental,0,0.0,1.0,1.0,2,false,0.001,0.001,0,0,0,0,0
271,S-BP,BinaryTreeModel5Incremental,1,0.0,1.0,1.0,3,false,0.03,0.031,0,0,0,0,0
272,S-BP,BinaryTreeModel5Incremental,2,0.0,1.0,1.0,3,false,0.025,0.056,0,0,0,0,0
273,S-BP,BinaryTreeModel5Incremental,3,0.1065989847715736,1.0,0.8934010152284264,8,false,0.077,0.133,0,0,0,0,0
274,S-BP,BinaryTreeModel5Incremental,4,0.1065989847715736,1.0,0.8934010152284264,8,false,0.058,0.191,0,0,0,0,0
275,S-BP,BinaryTreeModel5Incremental,5,0.1065989847715736,0.8286066584463625,0.7220076736747889,16,false,0.124,0.315,0,0,0,0,0
276,S-BP,BinaryTreeModel5Incremental,6,0.1065989847715736,0.8286066584463625,0.7220076736747889,16,false,0.119,0.434,0,0,0,0,0
277,S-BP,BinaryTreeModel5Incremental,7,0.25124943207632894,0.7868550368550369,0.5356056047787079,32,false,0.25,0.6839999999999999,0,0,0,0,0
278,S-BP,BinaryTreeModel5Incremental,8,0.25124943207632894,0.7868550368550369,0.5356056047787079,32,false,0.202,0.8859999999999999,0,0,0,0,0
279,S-BP,BinaryTreeModel5Incremental,9,0.25265754926746065,0.7843341069928377,0.531676557725377,64,false,0.393,1.279,0,0,0,0,0
280,S-BP,BinaryTreeModel5Incremental,10,0.25265754926746065,0.7843341069928377,0.531676557725377,64,false,0.303,1.5819999999999999,0,0,0,0,0
281,S-BP,BinaryTreeModel5Incremental,11,0.28918489871936576,0.7477617442402307,0.4585768455208649,128,false,0.57,2.1519999999999997,0,0,0,0,0
282,S-BP,BinaryTreeModel5Incremental,12,0.28918489871936576,0.7477617442402307,0.4585768455208649,128,false,0.552,2.7039999999999997,0,0,0,0,0
283,S-BP,BinaryTreeModel5Incremental,13,0.28918489871936576,0.49672985476636844,0.20754495604700268,256,false,1.038,3.742,0,0,0,0,0
284,S-BP,BinaryTreeModel5Incremental,14,0.28918489871936576,0.49672985476636844,0.20754495604700268,256,false,1.007,4.749,0,0,0,0,0
285,S-BP,BinaryTreeModel5Incremental,15,0.2919217544932245,0.49391282042035367,0.20199106592712918,128,false,0.592,5.340999999999999,0,0,0,0,0
286,S-BP,BinaryTreeModel5Incremental,16,0.2919217544932245,0.49391282042035367,0.20199106592712918,128,false,0.553,5.893999999999999,0,0,0,0,0
287,S-BP,BinaryTreeModel5Incremental,17,0.3132481292110411,0.4569657512749774,0.1437176220639363,64,false,0.364,6.257999999999999,0,0,0,0,0
288,S-BP,BinaryTreeModel5Incremental,18,0.3132481292110411,0.4569657512749774,0.1437176220639363,64,false,0.372,6.629999999999999,0,0,0,0,0
289,S-BP,BinaryTreeModel5Incremental,19,0.31562067985456643,0.45572966110285834,0.1401089812482919,32,false,0.265,6.894999999999999,0,0,0,0,0
290,S-BP,BinaryTreeModel5Incremental,20,0.31562067985456643,0.45572966110285834,0.1401089812482919,32,false,0.241,7.135999999999998,0,0,0,0,0
291,S-BP,BinaryTreeModel5Incremental,21,0.31659229896099106,0.4552790513221614,0.13868675236117034,16,false,0.194,7.329999999999998,0,0,0,0,0
292,S-BP,BinaryTreeModel5Incremental,22,0.31659229896099106,0.4552790513221614,0.13868675236117034,16,false,0.266,7.595999999999998,0,0,0,0,0
293,S-BP,BinaryTreeModel5Incremental,23,0.3379958559717999,0.4311620934909855,0.09316623751918562,8,false,0.173,7.768999999999998,0,0,0,0,0
294,S-BP,BinaryTreeModel5Incremental,24,0.3379958559717999,0.4311620934909855,0.09316623751918562,8,false,0.156,7.924999999999998,0,0,0,0,0
295,S-BP,BinaryTreeModel5Incremental,25,0.3379958559717999,0.4311620934909855,0.09316623751918562,4,false,0.102,8.026999999999997,0,0,0,0,0
296,S-BP,BinaryTreeModel5Incremental,26,0.3379958559717999,0.4311620934909855,0.09316623751918562,4,false,0.101,8.127999999999998,0,0,0,0,0
297,S-BP,BinaryTreeModel5Incremental,27,0.3379958559717999,0.4034038245895786,0.0654079686177787,2,false,0.078,8.205999999999998,0,0,0,0,0
298,S-BP,BinaryTreeModel5Incremental,28,0.3379958559717999,0.4034038245895786,0.0654079686177787,2,false,0.064,8.269999999999998,0,0,0,0,0
299,S-BP,BinaryTreeModel5Incremental,29,0.38919006107356763,0.38919006107356763,0.0,1,true,0.059,8.328999999999997,0,0,0,0,0
300,S-BP,BinaryTreeModel5NONIncremental,0,0.0,1.0,1.0,2,false,0.001,0.001,0,0,0,0,0
301,S-BP,BinaryTreeModel5NONIncremental,1,0.0,1.0,1.0,3,false,0.027,0.028,0,0,0,0,0
302,S-BP,BinaryTreeModel5NONIncremental,2,0.0,1.0,1.0,3,false,0.026,0.054,0,0,0,0,0
303,S-BP,BinaryTreeModel5NONIncremental,3,0.1065989847715736,1.0,0.8934010152284264,8,false,0.084,0.138,0,0,0,0,0
304,S-BP,BinaryTreeModel5NONIncremental,4,0.1065989847715736,1.0,0.8934010152284264,8,false,0.076,0.21400000000000002,0,0,0,0,0
305,S-BP,BinaryTreeModel5NONIncremental,5,0.1065989847715736,0.8286066584463625,0.7220076736747889,16,false,0.153,0.367,0,0,0,0,0
306,S-BP,BinaryTreeModel5NONIncremental,6,0.1065989847715736,0.8286066584463625,0.7220076736747889,16,false,0.152,0.519,0,0,0,0,0
307,S-BP,BinaryTreeModel5NONIncremental,7,0.25124943207632894,0.7868550368550369,0.5356056047787079,32,false,0.284,0.8029999999999999,0,0,0,0,0
308,S-BP,BinaryTreeModel5NONIncremental,8,0.25124943207632894,0.7868550368550369,0.5356056047787079,32,false,0.294,1.097,0,0,0,0,0
309,S-BP,BinaryTreeModel5NONIncremental,9,0.25265754926746065,0.7843341069928377,0.531676557725377,64,false,0.508,1.605,0,0,0,0,0
310,S-BP,BinaryTreeModel5NONIncremental,10,0.25265754926746065,0.7843341069928377,0.531676557725377,64,false,0.512,2.117,0,0,0,0,0
311,S-BP,BinaryTreeModel5NONIncremental,11,0.28918489871936576,0.7477617442402307,0.4585768455208649,128,false,0.721,2.838,0,0,0,0,0
312,S-BP,BinaryTreeModel5NONIncremental,12,0.28918489871936576,0.7477617442402307,0.4585768455208649,128,false,0.685,3.523,0,0,0,0,0
313,S-BP,BinaryTreeModel5NONIncremental,13,0.28918489871936576,0.49672985476636844,0.20754495604700268,256,false,1.211,4.734,0,0,0,0,0
314,S-BP,BinaryTreeModel5NONIncremental,14,0.28918489871936576,0.49672985476636844,0.20754495604700268,256,false,1.17,5.904,0,0,0,0,0
315,S-BP,BinaryTreeModel5NONIncremental,15,0.2919217544932245,0.49391282042035367,0.20199106592712918,128,false,0.729,6.633,0,0,0,0,0
316,S-BP,BinaryTreeModel5NONIncremental,16,0.2919217544932245,0.49391282042035367,0.20199106592712918,128,false,0.694,7.327,0,0,0,0,0
317,S-BP,BinaryTreeModel5NONIncremental,17,0.3132481292110411,0.4569657512749774,0.1437176220639363,64,false,0.511,7.838,0,0,0,0,0
318,S-BP,BinaryTreeModel5NONIncremental,18,0.3132481292110411,0.4569657512749774,0.1437176220639363,64,false,0.495,8.333,0,0,0,0,0
319,S-BP,BinaryTreeModel5NONIncremental,19,0.31562067985456643,0.45572966110285834,0.1401089812482919,32,false,0.436,8.769,0,0,0,0,0
320,S-BP,BinaryTreeModel5NONIncremental,20,0.31562067985456643,0.45572966110285834,0.1401089812482919,32,false,0.451,9.22,0,0,0,0,0
321,S-BP,BinaryTreeModel5NONIncremental,21,0.31659229896099106,0.4552790513221614,0.13868675236117034,16,false,0.387,9.607000000000001,0,0,0,0,0
322,S-BP,BinaryTreeModel5NONIncremental,22,0.31659229896099106,0.4552790513221614,0.13868675236117034,16,false,0.394,10.001000000000001,0,0,0,0,0
323,S-BP,BinaryTreeModel5NONIncremental,23,0.3379958559717999,0.4311620934909855,0.09316623751918562,8,false,0.274,10.275000000000002,0,0,0,0,0
324,S-BP,BinaryTreeModel5NONIncremental,24,0.3379958559717999,0.4311620934909855,0.09316623751918562,8,false,0.3,10.575000000000003,0,0,0,0,0
325,S-BP,BinaryTreeModel5NONIncremental,25,0.3379958559717999,0.4311620934909855,0.09316623751918562,4,false,0.226,10.801000000000004,0,0,0,0,0
326,S-BP,BinaryTreeModel5NONIncremental,26,0.3379958559717999,0.4311620934909855,0.09316623751918562,4,false,0.239,11.040000000000004,0,0,0,0,0
327,S-BP,BinaryTreeModel5NONIncremental,27,0.3379958559717999,0.4034038245895786,0.0654079686177787,2,false,0.206,11.246000000000004,0,0,0,0,0
328,S-BP,BinaryTreeModel5NONIncremental,28,0.3379958559717999,0.4034038245895786,0.0654079686177787,2,false,0.197,11.443000000000003,0,0,0,0,0
329,S-BP,BinaryTreeModel5NONIncremental,29,0.38919006107356763,0.38919006107356763,0.0,1,true,0.181,11.624000000000002,0,0,0,0,0
330,S-BP,BinaryTreeModel5NONIncremental,0,0.0,1.0,1.0,2,false,0.0,0.0,0,0,0,0,0
331,S-BP,BinaryTreeModel5NONIncremental,1,0.0,1.0,1.0,3,false,0.026,0.026,0,0,0,0,0
332,S-BP,BinaryTreeModel5NONIncremental,2,0.0,1.0,1.0,3,false,0.028,0.054,0,0,0,0,0
333,S-BP,BinaryTreeModel5NONIncremental,3,0.1065989847715736,1.0,0.8934010152284264,8,false,0.09,0.144,0,0,0,0,0
334,S-BP,BinaryTreeModel5NONIncremental,4,0.1065989847715736,1.0,0.8934010152284264,8,false,0.091,0.235,0,0,0,0,0
335,S-BP,BinaryTreeModel5NONIncremental,5,0.1065989847715736,0.8286066584463625,0.7220076736747889,16,false,0.159,0.394,0,0,0,0,0
336,S-BP,BinaryTreeModel5NONIncremental,6,0.1065989847715736,0.8286066584463625,0.7220076736747889,16,false,0.17,0.5640000000000001,0,0,0,0,0
337,S-BP,BinaryTreeModel5NONIncremental,7,0.25124943207632894,0.7868550368550369,0.5356056047787079,32,false,0.287,0.851,0,0,0,0,0
338,S-BP,BinaryTreeModel5NONIncremental,8,0.25124943207632894,0.7868550368550369,0.5356056047787079,32,false,0.279,1.13,0,0,0,0,0
339,S-BP,BinaryTreeModel5NONIncremental,9,0.25265754926746065,0.7843341069928377,0.531676557725377,64,false,0.498,1.628,0,0,0,0,0
340,S-BP,BinaryTreeModel5NONIncremental,10,0.25265754926746065,0.7843341069928377,0.531676557725377,64,false,0.457,2.085,0,0,0,0,0
341,S-BP,BinaryTreeModel5NONIncremental,11,0.28918489871936576,0.7477617442402307,0.4585768455208649,128,false,0.697,2.782,0,0,0,0,0
342,S-BP,BinaryTreeModel5NONIncremental,12,0.28918489871936576,0.7477617442402307,0.4585768455208649,128,false,0.669,3.451,0,0,0,0,0
343,S-BP,BinaryTreeModel5NONIncremental,13,0.28918489871936576,0.49672985476636844,0.20754495604700268,256,false,1.102,4.553,0,0,0,0,0
344,S-BP,BinaryTreeModel5NONIncremental,14,0.28918489871936576,0.49672985476636844,0.20754495604700268,256,false,1.163,5.716,0,0,0,0,0
345,S-BP,BinaryTreeModel5NONIncremental,15,0.2919217544932245,0.49391282042035367,0.20199106592712918,128,false,0.724,6.44,0,0,0,0,0
346,S-BP,BinaryTreeModel5NONIncremental,16,0.2919217544932245,0.49391282042035367,0.20199106592712918,128,false,0.704,7.144,0,0,0,0,0
347,S-BP,BinaryTreeModel5NONIncremental,17,0.3132481292110411,0.4569657512749774,0.1437176220639363,64,false,0.511,7.655,0,0,0,0,0
348,S-BP,BinaryTreeModel5NONIncremental,18,0.3132481292110411,0.4569657512749774,0.1437176220639363,64,false,0.514,8.169,0,0,0,0,0
349,S-BP,BinaryTreeModel5NONIncremental,19,0.31562067985456643,0.45572966110285834,0.1401089812482919,32,false,0.399,8.568000000000001,0,0,0,0,0
350,S-BP,BinaryTreeModel5NONIncremental,20,0.31562067985456643,0.45572966110285834,0.1401089812482919,32,false,0.406,8.974000000000002,0,0,0,0,0
351,S-BP,BinaryTreeModel5NONIncremental,21,0.31659229896099106,0.4552790513221614,0.13868675236117034,16,false,0.373,9.347000000000001,0,0,0,0,0
352,S-BP,BinaryTreeModel5NONIncremental,22,0.31659229896099106,0.4552790513221614,0.13868675236117034,16,false,0.366,9.713000000000001,0,0,0,0,0
353,S-BP,BinaryTreeModel5NONIncremental,23,0.3379958559717999,0.4311620934909855,0.09316623751918562,8,false,0.272,9.985000000000001,0,0,0,0,0
354,S-BP,BinaryTreeModel5NONIncremental,24,0.3379958559717999,0.4311620934909855,0.09316623751918562,8,false,0.268,10.253000000000002,0,0,0,0,0
355,S-BP,BinaryTreeModel5NONIncremental,25,0.3379958559717999,0.4311620934909855,0.09316623751918562,4,false,0.24,10.493000000000002,0,0,0,0,0
356,S-BP,BinaryTreeModel5NONIncremental,26,0.3379958559717999,0.4311620934909855,0.09316623751918562,4,false,0.216,10.709000000000001,0,0,0,0,0
357,S-BP,BinaryTreeModel5NONIncremental,27,0.3379958559717999,0.4034038245895786,0.0654079686177787,2,false,0.188,10.897000000000002,0,0,0,0,0
358,S-BP,BinaryTreeModel5NONIncremental,28,0.3379958559717999,0.4034038245895786,0.0654079686177787,2,false,0.188,11.085000000000003,0,0,0,0,0
359,S-BP,BinaryTreeModel5NONIncremental,29,0.38919006107356763,0.38919006107356763,0.0,1,true,0.164,11.249000000000002,0,0,0,0,0
360,S-BP,BinaryTreeModel5NONIncremental,0,0.0,1.0,1.0,2,false,0.0,0.0,0,0,0,0,0
361,S-BP,BinaryTreeModel5NONIncremental,1,0.0,1.0,1.0,3,false,0.024,0.024,0,0,0,0,0
362,S-BP,BinaryTreeModel5NONIncremental,2,0.0,1.0,1.0,3,false,0.023,0.047,0,0,0,0,0
363,S-BP,BinaryTreeModel5NONIncremental,3,0.1065989847715736,1.0,0.8934010152284264,8,false,0.083,0.13,0,0,0,0,0
364,S-BP,BinaryTreeModel5NONIncremental,4,0.1065989847715736,1.0,0.8934010152284264,8,false,0.08,0.21000000000000002,0,0,0,0,0
365,S-BP,BinaryTreeModel5NONIncremental,5,0.1065989847715736,0.8286066584463625,0.7220076736747889,16,false,0.159,0.369,0,0,0,0,0
366,S-BP,BinaryTreeModel5NONIncremental,6,0.1065989847715736,0.8286066584463625,0.7220076736747889,16,false,0.158,0.527,0,0,0,0,0
367,S-BP,BinaryTreeModel5NONIncremental,7,0.25124943207632894,0.7868550368550369,0.5356056047787079,32,false,0.284,0.8109999999999999,0,0,0,0,0
368,S-BP,BinaryTreeModel5NONIncremental,8,0.25124943207632894,0.7868550368550369,0.5356056047787079,32,false,0.254,1.065,0,0,0,0,0
369,S-BP,BinaryTreeModel5NONIncremental,9,0.25265754926746065,0.7843341069928377,0.531676557725377,64,false,0.46,1.525,0,0,0,0,0
370,S-BP,BinaryTreeModel5NONIncremental,10,0.25265754926746065,0.7843341069928377,0.531676557725377,64,false,0.454,1.9789999999999999,0,0,0,0,0
371,S-BP,BinaryTreeModel5NONIncremental,11,0.28918489871936576,0.7477617442402307,0.4585768455208649,128,false,0.754,2.7329999999999997,0,0,0,0,0
372,S-BP,BinaryTreeModel5NONIncremental,12,0.28918489871936576,0.7477617442402307,0.4585768455208649,128,false,0.712,3.4449999999999994,0,0,0,0,0
373,S-BP,BinaryTreeModel5NONIncremental,13,0.28918489871936576,0.49672985476636844,0.20754495604700268,256,false,1.216,4.661,0,0,0,0,0
374,S-BP,BinaryTreeModel5NONIncremental,14,0.28918489871936576,0.49672985476636844,0.20754495604700268,256,false,1.171,5.832,0,0,0,0,0
375,S-BP,BinaryTreeModel5NONIncremental,15,0.2919217544932245,0.49391282042035367,0.20199106592712918,128,false,0.698,6.529999999999999,0,0,0,0,0
376,S-BP,BinaryTreeModel5NONIncremental,16,0.2919217544932245,0.49391282042035367,0.20199106592712918,128,false,0.701,7.230999999999999,0,0,0,0,0
377,S-BP,BinaryTreeModel5NONIncremental,17,0.3132481292110411,0.4569657512749774,0.1437176220639363,64,false,0.494,7.724999999999999,0,0,0,0,0
378,S-BP,BinaryTreeModel5NONIncremental,18,0.3132481292110411,0.4569657512749774,0.1437176220639363,64,false,0.518,8.242999999999999,0,0,0,0,0
379,S-BP,BinaryTreeModel5NONIncremental,19,0.31562067985456643,0.45572966110285834,0.1401089812482919,32,false,0.425,8.668,0,0,0,0,0
380,S-BP,BinaryTreeModel5NONIncremental,20,0.31562067985456643,0.45572966110285834,0.1401089812482919,32,false,0.432,9.1,0,0,0,0,0
381,S-BP,BinaryTreeModel5NONIncremental,21,0.31659229896099106,0.4552790513221614,0.13868675236117034,16,false,0.386,9.485999999999999,0,0,0,0,0
382,S-BP,BinaryTreeModel5NONIncremental,22,0.31659229896099106,0.4552790513221614,0.13868675236117034,16,false,0.382,9.867999999999999,0,0,0,0,0
383,S-BP,BinaryTreeModel5NONIncremental,23,0.3379958559717999,0.4311620934909855,0.09316623751918562,8,false,0.279,10.146999999999998,0,0,0,0,0
384,S-BP,BinaryTreeModel5NONIncremental,24,0.3379958559717999,0.4311620934909855,0.09316623751918562,8,false,0.287,10.434,0,0,0,0,0
385,S-BP,BinaryTreeModel5NONIncremental,25,0.3379958559717999,0.4311620934909855,0.09316623751918562,4,false,0.229,10.662999999999998,0,0,0,0,0
386,S-BP,BinaryTreeModel5NONIncremental,26,0.3379958559717999,0.4311620934909855,0.09316623751918562,4,false,0.225,10.887999999999998,0,0,0,0,0
387,S-BP,BinaryTreeModel5NONIncremental,27,0.3379958559717999,0.4034038245895786,0.0654079686177787,2,false,0.199,11.086999999999998,0,0,0,0,0
388,S-BP,BinaryTreeModel5NONIncremental,28,0.3379958559717999,0.4034038245895786,0.0654079686177787,2,false,0.185,11.271999999999998,0,0,0,0,0
389,S-BP,BinaryTreeModel5NONIncremental,29,0.38919006107356763,0.38919006107356763,0.0,1,true,0.178,11.45,0,0,0,0,0
390,S-BP,BinaryTreeModel5NONIncremental,0,0.0,1.0,1.0,2,false,0.001,0.001,0,0,0,0,0
391,S-BP,BinaryTreeModel5NONIncremental,1,0.0,1.0,1.0,3,false,0.023,0.024,0,0,0,0,0
392,S-BP,BinaryTreeModel5NONIncremental,2,0.0,1.0,1.0,3,false,0.026,0.05,0,0,0,0,0
393,S-BP,BinaryTreeModel5NONIncremental,3,0.1065989847715736,1.0,0.8934010152284264,8,false,0.089,0.139,0,0,0,0,0
394,S-BP,BinaryTreeModel5NONIncremental,4,0.1065989847715736,1.0,0.8934010152284264,8,false,0.08,0.21900000000000003,0,0,0,0,0
395,S-BP,BinaryTreeModel5NONIncremental,5,0.1065989847715736,0.8286066584463625,0.7220076736747889,16,false,0.152,0.371,0,0,0,0,0
396,S-BP,BinaryTreeModel5NONIncremental,6,0.1065989847715736,0.8286066584463625,0.7220076736747889,16,false,0.152,0.523,0,0,0,0,0
397,S-BP,BinaryTreeModel5NONIncremental,7,0.25124943207632894,0.7868550368550369,0.5356056047787079,32,false,0.282,0.8049999999999999,0,0,0,0,0
398,S-BP,BinaryTreeModel5NONIncremental,8,0.25124943207632894,0.7868550368550369,0.5356056047787079,32,false,0.282,1.087,0,0,0,0,0
399,S-BP,BinaryTreeModel5NONIncremental,9,0.25265754926746065,0.7843341069928377,0.531676557725377,64,false,0.478,1.565,0,0,0,0,0
400,S-BP,BinaryTreeModel5NONIncremental,10,0.25265754926746065,0.7843341069928377,0.531676557725377,64,false,0.439,2.004,0,0,0,0,0
401,S-BP,BinaryTreeModel5NONIncremental,11,0.28918489871936576,0.7477617442402307,0.4585768455208649,128,false,0.718,2.722,0,0,0,0,0
402,S-BP,BinaryTreeModel5NONIncremental,12,0.28918489871936576,0.7477617442402307,0.4585768455208649,128,false,0.708,3.4299999999999997,0,0,0,0,0
403,S-BP,BinaryTreeModel5NONIncremental,13,0.28918489871936576,0.49672985476636844,0.20754495604700268,256,false,1.173,4.603,0,0,0,0,0
404,S-BP,BinaryTreeModel5NONIncremental,14,0.28918489871936576,0.49672985476636844,0.20754495604700268,256,false,1.374,5.977,0,0,0,0,0
405,S-BP,BinaryTreeModel5NONIncremental,15,0.2919217544932245,0.49391282042035367,0.20199106592712918,128,false,0.865,6.8420000000000005,0,0,0,0,0
406,S-BP,BinaryTreeModel5NONIncremental,16,0.2919217544932245,0.49391282042035367,0.20199106592712918,128,false,0.772,7.614000000000001,0,0,0,0,0
407,S-BP,BinaryTreeModel5NONIncremental,17,0.3132481292110411,0.4569657512749774,0.1437176220639363,64,false,0.576,8.190000000000001,0,0,0,0,0
408,S-BP,BinaryTreeModel5NONIncremental,18,0.3132481292110411,0.4569657512749774,0.1437176220639363,64,false,0.574,8.764000000000001,0,0,0,0,0
409,S-BP,BinaryTreeModel5NONIncremental,19,0.31562067985456643,0.45572966110285834,0.1401089812482919,32,false,0.437,9.201,0,0,0,0,0
410,S-BP,BinaryTreeModel5NONIncremental,20,0.31562067985456643,0.45572966110285834,0.1401089812482919,32,false,0.428,9.629000000000001,0,0,0,0,0
411,S-BP,BinaryTreeModel5NONIncremental,21,0.31659229896099106,0.4552790513221614,0.13868675236117034,16,false,0.364,9.993000000000002,0,0,0,0,0
412,S-BP,BinaryTreeModel5NONIncremental,22,0.31659229896099106,0.4552790513221614,0.13868675236117034,16,false,0.371,10.364000000000003,0,0,0,0,0
413,S-BP,BinaryTreeModel5NONIncremental,23,0.3379958559717999,0.4311620934909855,0.09316623751918562,8,false,0.272,10.636000000000003,0,0,0,0,0
414,S-BP,BinaryTreeModel5NONIncremental,24,0.3379958559717999,0.4311620934909855,0.09316623751918562,8,false,0.277,10.913000000000002,0,0,0,0,0
415,S-BP,BinaryTreeModel5NONIncremental,25,0.3379958559717999,0.4311620934909855,0.09316623751918562,4,false,0.239,11.152000000000003,0,0,0,0,0
416,S-BP,BinaryTreeModel5NONIncremental,26,0.3379958559717999,0.4311620934909855,0.09316623751918562,4,false,0.221,11.373000000000003,0,0,0,0,0
417,S-BP,BinaryTreeModel5NONIncremental,27,0.3379958559717999,0.4034038245895786,0.0654079686177787,2,false,0.188,11.561000000000003,0,0,0,0,0
418,S-BP,BinaryTreeModel5NONIncremental,28,0.3379958559717999,0.4034038245895786,0.0654079686177787,2,false,0.191,11.752000000000004,0,0,0,0,0
419,S-BP,BinaryTreeModel5NONIncremental,29,0.38919006107356763,0.38919006107356763,0.0,1,true,0.177,11.929000000000004,0,0,0,0,0
420,S-BP,BinaryTreeModel5NONIncremental,0,0.0,1.0,1.0,2,false,0.0,0.0,0,0,0,0,0
421,S-BP,BinaryTreeModel5NONIncremental,1,0.0,1.0,1.0,3,false,0.028,0.028,0,0,0,0,0
422,S-BP,BinaryTreeModel5NONIncremental,2,0.0,1.0,1.0,3,false,0.025,0.053000000000000005,0,0,0,0,0
423,S-BP,BinaryTreeModel5NONIncremental,3,0.1065989847715736,1.0,0.8934010152284264,8,false,0.083,0.136,0,0,0,0,0
424,S-BP,BinaryTreeModel5NONIncremental,4,0.1065989847715736,1.0,0.8934010152284264,8,false,0.081,0.21700000000000003,0,0,0,0,0
425,S-BP,BinaryTreeModel5NONIncremental,5,0.1065989847715736,0.8286066584463625,0.7220076736747889,16,false,0.161,0.378,0,0,0,0,0
426,S-BP,BinaryTreeModel5NONIncremental,6,0.1065989847715736,0.8286066584463625,0.7220076736747889,16,false,0.169,0.547,0,0,0,0,0
427,S-BP,BinaryTreeModel5NONIncremental,7,0.25124943207632894,0.7868550368550369,0.5356056047787079,32,false,0.265,0.812,0,0,0,0,0
428,S-BP,BinaryTreeModel5NONIncremental,8,0.25124943207632894,0.7868550368550369,0.5356056047787079,32,false,0.281,1.093,0,0,0,0,0
429,S-BP,BinaryTreeModel5NONIncremental,9,0.25265754926746065,0.7843341069928377,0.531676557725377,64,false,0.495,1.588,0,0,0,0,0
430,S-BP,BinaryTreeModel5NONIncremental,10,0.25265754926746065,0.7843341069928377,0.531676557725377,64,false,0.48,2.068,0,0,0,0,0
431,S-BP,BinaryTreeModel5NONIncremental,11,0.28918489871936576,0.7477617442402307,0.4585768455208649,128,false,0.774,2.842,0,0,0,0,0
432,S-BP,BinaryTreeModel5NONIncremental,12,0.28918489871936576,0.7477617442402307,0.4585768455208649,128,false,0.742,3.584,0,0,0,0,0
433,S-BP,BinaryTreeModel5NONIncremental,13,0.28918489871936576,0.49672985476636844,0.20754495604700268,256,false,1.198,4.782,0,0,0,0,0
434,S-BP,BinaryTreeModel5NONIncremental,14,0.28918489871936576,0.49672985476636844,0.20754495604700268,256,false,1.165,5.947,0,0,0,0,0
435,S-BP,BinaryTreeModel5NONIncremental,15,0.2919217544932245,0.49391282042035367,0.20199106592712918,128,false,0.773,6.72,0,0,0,0,0
436,S-BP,BinaryTreeModel5NONIncremental,16,0.2919217544932245,0.49391282042035367,0.20199106592712918,128,false,0.768,7.4879999999999995,0,0,0,0,0
437,S-BP,BinaryTreeModel5NONIncremental,17,0.3132481292110411,0.4569657512749774,0.1437176220639363,64,false,0.53,8.017999999999999,0,0,0,0,0
438,S-BP,BinaryTreeModel5NONIncremental,18,0.3132481292110411,0.4569657512749774,0.1437176220639363,64,false,0.549,8.566999999999998,0,0,0,0,0
439,S-BP,BinaryTreeModel5NONIncremental,19,0.31562067985456643,0.45572966110285834,0.1401089812482919,32,false,0.421,8.987999999999998,0,0,0,0,0
440,S-BP,BinaryTreeModel5NONIncremental,20,0.31562067985456643,0.45572966110285834,0.1401089812482919,32,false,0.429,9.416999999999998,0,0,0,0,0
441,S-BP,BinaryTreeModel5NONIncremental,21,0.31659229896099106,0.4552790513221614,0.13868675236117034,16,false,0.365,9.781999999999998,0,0,0,0,0
442,S-BP,BinaryTreeModel5NONIncremental,22,0.31659229896099106,0.4552790513221614,0.13868675236117034,16,false,0.367,10.148999999999997,0,0,0,0,0
443,S-BP,BinaryTreeModel5NONIncremental,23,0.3379958559717999,0.4311620934909855,0.09316623751918562,8,false,0.266,10.414999999999997,0,0,0,0,0
444,S-BP,BinaryTreeModel5NONIncremental,24,0.3379958559717999,0.4311620934909855,0.09316623751918562,8,false,0.266,10.680999999999997,0,0,0,0,0
445,S-BP,BinaryTreeModel5NONIncremental,25,0.3379958559717999,0.4311620934909855,0.09316623751918562,4,false,0.217,10.897999999999998,0,0,0,0,0
446,S-BP,BinaryTreeModel5NONIncremental,26,0.3379958559717999,0.4311620934909855,0.09316623751918562,4,false,0.22,11.117999999999999,0,0,0,0,0
447,S-BP,BinaryTreeModel5NONIncremental,27,0.3379958559717999,0.4034038245895786,0.0654079686177787,2,false,0.189,11.306999999999999,0,0,0,0,0
448,S-BP,BinaryTreeModel5NONIncremental,28,0.3379958559717999,0.4034038245895786,0.0654079686177787,2,false,0.192,11.498999999999999,0,0,0,0,0
449,S-BP,BinaryTreeModel5NONIncremental,29,0.38919006107356763,0.38919006107356763,0.0,1,true,0.176,11.674999999999999,0,0,0,0,0
450,S-BP,BinaryTreeModel5NONIncremental,0,0.0,1.0,1.0,2,false,0.0,0.0,0,0,0,0,0
451,S-BP,BinaryTreeModel5NONIncremental,1,0.0,1.0,1.0,3,false,0.025,0.025,0,0,0,0,0
452,S-BP,BinaryTreeModel5NONIncremental,2,0.0,1.0,1.0,3,false,0.026,0.051000000000000004,0,0,0,0,0
453,S-BP,BinaryTreeModel5NONIncremental,3,0.1065989847715736,1.0,0.8934010152284264,8,false,0.084,0.135,0,0,0,0,0
454,S-BP,BinaryTreeModel5NONIncremental,4,0.1065989847715736,1.0,0.8934010152284264,8,false,0.084,0.21900000000000003,0,0,0,0,0
455,S-BP,BinaryTreeModel5NONIncremental,5,0.1065989847715736,0.8286066584463625,0.7220076736747889,16,false,0.149,0.368,0,0,0,0,0
456,S-BP,BinaryTreeModel5NONIncremental,6,0.1065989847715736,0.8286066584463625,0.7220076736747889,16,false,0.153,0.521,0,0,0,0,0
457,S-BP,BinaryTreeModel5NONIncremental,7,0.25124943207632894,0.7868550368550369,0.5356056047787079,32,false,0.269,0.79,0,0,0,0,0
458,S-BP,BinaryTreeModel5NONIncremental,8,0.25124943207632894,0.7868550368550369,0.5356056047787079,32,false,0.279,1.069,0,0,0,0,0
459,S-BP,BinaryTreeModel5NONIncremental,9,0.25265754926746065,0.7843341069928377,0.531676557725377,64,false,0.477,1.5459999999999998,0,0,0,0,0
460,S-BP,BinaryTreeModel5NONIncremental,10,0.25265754926746065,0.7843341069928377,0.531676557725377,64,false,0.465,2.0109999999999997,0,0,0,0,0
461,S-BP,BinaryTreeModel5NONIncremental,11,0.28918489871936576,0.7477617442402307,0.4585768455208649,128,false,0.731,2.7419999999999995,0,0,0,0,0
462,S-BP,BinaryTreeModel5NONIncremental,12,0.28918489871936576,0.7477617442402307,0.4585768455208649,128,false,0.722,3.4639999999999995,0,0,0,0,0
463,S-BP,BinaryTreeModel5NONIncremental,13,0.28918489871936576,0.49672985476636844,0.20754495604700268,256,false,1.156,4.619999999999999,0,0,0,0,0
464,S-BP,BinaryTreeModel5NONIncremental,14,0.28918489871936576,0.49672985476636844,0.20754495604700268,256,false,1.28,5.8999999999999995,0,0,0,0,0
465,S-BP,BinaryTreeModel5NONIncremental,15,0.2919217544932245,0.49391282042035367,0.20199106592712918,128,false,0.785,6.685,0,0,0,0,0
466,S-BP,BinaryTreeModel5NONIncremental,16,0.2919217544932245,0.49391282042035367,0.20199106592712918,128,false,0.883,7.568,0,0,0,0,0
467,S-BP,BinaryTreeModel5NONIncremental,17,0.3132481292110411,0.4569657512749774,0.1437176220639363,64,false,0.546,8.113999999999999,0,0,0,0,0
468,S-BP,BinaryTreeModel5NONIncremental,18,0.3132481292110411,0.4569657512749774,0.1437176220639363,64,false,0.547,8.661,0,0,0,0,0
469,S-BP,BinaryTreeModel5NONIncremental,19,0.31562067985456643,0.45572966110285834,0.1401089812482919,32,false,0.421,9.081999999999999,0,0,0,0,0
470,S-BP,BinaryTreeModel5NONIncremental,20,0.31562067985456643,0.45572966110285834,0.1401089812482919,32,false,0.422,9.504,0,0,0,0,0
471,S-BP,BinaryTreeModel5NONIncremental,21,0.31659229896099106,0.4552790513221614,0.13868675236117034,16,false,0.391,9.895,0,0,0,0,0
472,S-BP,BinaryTreeModel5NONIncremental,22,0.31659229896099106,0.4552790513221614,0.13868675236117034,16,false,0.396,10.291,0,0,0,0,0
473,S-BP,BinaryTreeModel5NONIncremental,23,0.3379958559717999,0.4311620934909855,0.09316623751918562,8,false,0.297,10.588000000000001,0,0,0,0,0
474,S-BP,BinaryTreeModel5NONIncremental,24,0.3379958559717999,0.4311620934909855,0.09316623751918562,8,false,0.26,10.848,0,0,0,0,0
475,S-BP,BinaryTreeModel5NONIncremental,25,0.3379958559717999,0.4311620934909855,0.09316623751918562,4,false,0.217,11.065000000000001,0,0,0,0,0
476,S-BP,BinaryTreeModel5NONIncremental,26,0.3379958559717999,0.4311620934909855,0.09316623751918562,4,false,0.227,11.292000000000002,0,0,0,0,0
477,S-BP,BinaryTreeModel5NONIncremental,27,0.3379958559717999,0.4034038245895786,0.0654079686177787,2,false,0.185,11.477000000000002,0,0,0,0,0
478,S-BP,BinaryTreeModel5NONIncremental,28,0.3379958559717999,0.4034038245895786,0.0654079686177787,2,false,0.185,11.662000000000003,0,0,0,0,0
479,S-BP,BinaryTreeModel5NONIncremental,29,0.38919006107356763,0.38919006107356763,0.0,1,true,0.172,11.834000000000003,0,0,0,0,0
480,S-BP,BinaryTreeModel5NONIncremental,0,0.0,1.0,1.0,2,false,0.001,0.001,0,0,0,0,0
481,S-BP,BinaryTreeModel5NONIncremental,1,0.0,1.0,1.0,3,false,0.026,0.027,0,0,0,0,0
482,S-BP,BinaryTreeModel5NONIncremental,2,0.0,1.0,1.0,3,false,0.027,0.054,0,0,0,0,0
483,S-BP,BinaryTreeModel5NONIncremental,3,0.1065989847715736,1.0,0.8934010152284264,8,false,0.086,0.13999999999999999,0,0,0,0,0
484,S-BP,BinaryTreeModel5NONIncremental,4,0.1065989847715736,1.0,0.8934010152284264,8,false,0.085,0.22499999999999998,0,0,0,0,0
485,S-BP,BinaryTreeModel5NONIncremental,5,0.1065989847715736,0.8286066584463625,0.7220076736747889,16,false,0.159,0.384,0,0,0,0,0
486,S-BP,BinaryTreeModel5NONIncremental,6,0.1065989847715736,0.8286066584463625,0.7220076736747889,16,false,0.154,0.538,0,0,0,0,0
487,S-BP,BinaryTreeModel5NONIncremental,7,0.25124943207632894,0.7868550368550369,0.5356056047787079,32,false,0.274,0.812,0,0,0,0,0
488,S-BP,BinaryTreeModel5NONIncremental,8,0.25124943207632894,0.7868550368550369,0.5356056047787079,32,false,0.273,1.085,0,0,0,0,0
489,S-BP,BinaryTreeModel5NONIncremental,9,0.25265754926746065,0.7843341069928377,0.531676557725377,64,false,0.476,1.561,0,0,0,0,0
490,S-BP,BinaryTreeModel5NONIncremental,10,0.25265754926746065,0.7843341069928377,0.531676557725377,64,false,0.554,2.115,0,0,0,0,0
491,S-BP,BinaryTreeModel5NONIncremental,11,0.28918489871936576,0.7477617442402307,0.4585768455208649,128,false,0.804,2.9190000000000005,0,0,0,0,0
492,S-BP,BinaryTreeModel5NONIncremental,12,0.28918489871936576,0.7477617442402307,0.4585768455208649,128,false,0.731,3.6500000000000004,0,0,0,0,0
493,S-BP,BinaryTreeModel5NONIncremental,13,0.28918489871936576,0.49672985476636844,0.20754495604700268,256,false,1.174,4.824,0,0,0,0,0
494,S-BP,BinaryTreeModel5NONIncremental,14,0.28918489871936576,0.49672985476636844,0.20754495604700268,256,false,1.104,5.928,0,0,0,0,0
495,S-BP,BinaryTreeModel5NONIncremental,15,0.2919217544932245,0.49391282042035367,0.20199106592712918,128,false,0.707,6.635,0,0,0,0,0
496,S-BP,BinaryTreeModel5NONIncremental,16,0.2919217544932245,0.49391282042035367,0.20199106592712918,128,false,0.713,7.348,0,0,0,0,0
497,S-BP,BinaryTreeModel5NONIncremental,17,0.3132481292110411,0.4569657512749774,0.1437176220639363,64,false,0.509,7.857,0,0,0,0,0
498,S-BP,BinaryTreeModel5NONIncremental,18,0.3132481292110411,0.4569657512749774,0.1437176220639363,64,false,0.527,8.384,0,0,0,0,0
499,S-BP,BinaryTreeModel5NONIncremental,19,0.31562067985456643,0.45572966110285834,0.1401089812482919,32,false,0.411,8.795,0,0,0,0,0
500,S-BP,BinaryTreeModel5NONIncremental,20,0.31562067985456643,0.45572966110285834,0.1401089812482919,32,false,0.418,9.213,0,0,0,0,0
501,S-BP,BinaryTreeModel5NONIncremental,21,0.31659229896099106,0.4552790513221614,0.13868675236117034,16,false,0.402,9.614999999999998,0,0,0,0,0
502,S-BP,BinaryTreeModel5NONIncremental,22,0.31659229896099106,0.4552790513221614,0.13868675236117034,16,false,0.357,9.971999999999998,0,0,0,0,0
503,S-BP,BinaryTreeModel5NONIncremental,23,0.3379958559717999,0.4311620934909855,0.09316623751918562,8,false,0.248,10.219999999999997,0,0,0,0,0
504,S-BP,BinaryTreeModel5NONIncremental,24,0.3379958559717999,0.4311620934909855,0.09316623751918562,8,false,0.252,10.471999999999998,0,0,0,0,0
505,S-BP,BinaryTreeModel5NONIncremental,25,0.3379958559717999,0.4311620934909855,0.09316623751918562,4,false,0.206,10.677999999999997,0,0,0,0,0
506,S-BP,BinaryTreeModel5NONIncremental,26,0.3379958559717999,0.4311620934909855,0.09316623751918562,4,false,0.231,10.908999999999997,0,0,0,0,0
507,S-BP,BinaryTreeModel5NONIncremental,27,0.3379958559717999,0.4034038245895786,0.0654079686177787,2,false,0.215,11.123999999999997,0,0,0,0,0
508,S-BP,BinaryTreeModel5NONIncremental,28,0.3379958559717999,0.4034038245895786,0.0654079686177787,2,false,0.21,11.333999999999998,0,0,0,0,0
509,S-BP,BinaryTreeModel5NONIncremental,29,0.38919006107356763,0.38919006107356763,0.0,1,true,0.196,11.529999999999998,0,0,0,0,0
510,S-BP,BinaryTreeModel5NONIncremental,0,0.0,1.0,1.0,2,false,0.001,0.001,0,0,0,0,0
511,S-BP,BinaryTreeModel5NONIncremental,1,0.0,1.0,1.0,3,false,0.028,0.029,0,0,0,0,0
512,S-BP,BinaryTreeModel5NONIncremental,2,0.0,1.0,1.0,3,false,0.026,0.055,0,0,0,0,0
513,S-BP,BinaryTreeModel5NONIncremental,3,0.1065989847715736,1.0,0.8934010152284264,8,false,0.083,0.138,0,0,0,0,0
514,S-BP,BinaryTreeModel5NONIncremental,4,0.1065989847715736,1.0,0.8934010152284264,8,false,0.08,0.21800000000000003,0,0,0,0,0
515,S-BP,BinaryTreeModel5NONIncremental,5,0.1065989847715736,0.8286066584463625,0.7220076736747889,16,false,0.153,0.371,0,0,0,0,0
516,S-BP,BinaryTreeModel5NONIncremental,6,0.1065989847715736,0.8286066584463625,0.7220076736747889,16,false,0.154,0.525,0,0,0,0,0
517,S-BP,BinaryTreeModel5NONIncremental,7,0.25124943207632894,0.7868550368550369,0.5356056047787079,32,false,0.265,0.79,0,0,0,0,0
518,S-BP,BinaryTreeModel5NONIncremental,8,0.25124943207632894,0.7868550368550369,0.5356056047787079,32,false,0.278,1.068,0,0,0,0,0
519,S-BP,BinaryTreeModel5NONIncremental,9,0.25265754926746065,0.7843341069928377,0.531676557725377,64,false,0.504,1.572,0,0,0,0,0
520,S-BP,BinaryTreeModel5NONIncremental,10,0.25265754926746065,0.7843341069928377,0.531676557725377,64,false,0.489,2.061,0,0,0,0,0
521,S-BP,BinaryTreeModel5NONIncremental,11,0.28918489871936576,0.7477617442402307,0.4585768455208649,128,false,0.756,2.817,0,0,0,0,0
522,S-BP,BinaryTreeModel5NONIncremental,12,0.28918489871936576,0.7477617442402307,0.4585768455208649,128,false,0.764,3.5810000000000004,0,0,0,0,0
523,S-BP,BinaryTreeModel5NONIncremental,13,0.28918489871936576,0.49672985476636844,0.20754495604700268,256,false,1.198,4.779,0,0,0,0,0
524,S-BP,BinaryTreeModel5NONIncremental,14,0.28918489871936576,0.49672985476636844,0.20754495604700268,256,false,1.147,5.926,0,0,0,0,0
525,S-BP,BinaryTreeModel5NONIncremental,15,0.2919217544932245,0.49391282042035367,0.20199106592712918,128,false,0.821,6.747,0,0,0,0,0
526,S-BP,BinaryTreeModel5NONIncremental,16,0.2919217544932245,0.49391282042035367,0.20199106592712918,128,false,0.832,7.579,0,0,0,0,0
527,S-BP,BinaryTreeModel5NONIncremental,17,0.3132481292110411,0.4569657512749774,0.1437176220639363,64,false,0.614,8.193,0,0,0,0,0
528,S-BP,BinaryTreeModel5NONIncremental,18,0.3132481292110411,0.4569657512749774,0.1437176220639363,64,false,0.549,8.741999999999999,0,0,0,0,0
529,S-BP,BinaryTreeModel5NONIncremental,19,0.31562067985456643,0.45572966110285834,0.1401089812482919,32,false,0.423,9.165,0,0,0,0,0
530,S-BP,BinaryTreeModel5NONIncremental,20,0.31562067985456643,0.45572966110285834,0.1401089812482919,32,false,0.431,9.595999999999998,0,0,0,0,0
531,S-BP,BinaryTreeModel5NONIncremental,21,0.31659229896099106,0.4552790513221614,0.13868675236117034,16,false,0.393,9.988999999999999,0,0,0,0,0
532,S-BP,BinaryTreeModel5NONIncremental,22,0.31659229896099106,0.4552790513221614,0.13868675236117034,16,false,0.373,10.361999999999998,0,0,0,0,0
533,S-BP,BinaryTreeModel5NONIncremental,23,0.3379958559717999,0.4311620934909855,0.09316623751918562,8,false,0.273,10.634999999999998,0,0,0,0,0
534,S-BP,BinaryTreeModel5NONIncremental,24,0.3379958559717999,0.4311620934909855,0.09316623751918562,8,false,0.271,10.905999999999999,0,0,0,0,0
535,S-BP,BinaryTreeModel5NONIncremental,25,0.3379958559717999,0.4311620934909855,0.09316623751918562,4,false,0.23,11.136,0,0,0,0,0
536,S-BP,BinaryTreeModel5NONIncremental,26,0.3379958559717999,0.4311620934909855,0.09316623751918562,4,false,0.228,11.363999999999999,0,0,0,0,0
537,S-BP,BinaryTreeModel5NONIncremental,27,0.3379958559717999,0.4034038245895786,0.0654079686177787,2,false,0.191,11.555,0,0,0,0,0
538,S-BP,BinaryTreeModel5NONIncremental,28,0.3379958559717999,0.4034038245895786,0.0654079686177787,2,false,0.197,11.751999999999999,0,0,0,0,0
539,S-BP,BinaryTreeModel5NONIncremental,29,0.38919006107356763,0.38919006107356763,0.0,1,true,0.178,11.93,0,0,0,0,0
540,S-BP,BinaryTreeModel5NONIncremental,0,0.0,1.0,1.0,2,false,0.0,0.0,0,0,0,0,0
541,S-BP,BinaryTreeModel5NONIncremental,1,0.0,1.0,1.0,3,false,0.035,0.035,0,0,0,0,0
542,S-BP,BinaryTreeModel5NONIncremental,2,0.0,1.0,1.0,3,false,0.025,0.060000000000000005,0,0,0,0,0
543,S-BP,BinaryTreeModel5NONIncremental,3,0.1065989847715736,1.0,0.8934010152284264,8,false,0.085,0.14500000000000002,0,0,0,0,0
544,S-BP,BinaryTreeModel5NONIncremental,4,0.1065989847715736,1.0,0.8934010152284264,8,false,0.087,0.232,0,0,0,0,0
545,S-BP,BinaryTreeModel5NONIncremental,5,0.1065989847715736,0.8286066584463625,0.7220076736747889,16,false,0.153,0.385,0,0,0,0,0
546,S-BP,BinaryTreeModel5NONIncremental,6,0.1065989847715736,0.8286066584463625,0.7220076736747889,16,false,0.152,0.537,0,0,0,0,0
547,S-BP,BinaryTreeModel5NONIncremental,7,0.25124943207632894,0.7868550368550369,0.5356056047787079,32,false,0.287,0.8240000000000001,0,0,0,0,0
548,S-BP,BinaryTreeModel5NONIncremental,8,0.25124943207632894,0.7868550368550369,0.5356056047787079,32,false,0.272,1.096,0,0,0,0,0
549,S-BP,BinaryTreeModel5NONIncremental,9,0.25265754926746065,0.7843341069928377,0.531676557725377,64,false,0.468,1.564,0,0,0,0,0
550,S-BP,BinaryTreeModel5NONIncremental,10,0.25265754926746065,0.7843341069928377,0.531676557725377,64,false,0.463,2.027,0,0,0,0,0
551,S-BP,BinaryTreeModel5NONIncremental,11,0.28918489871936576,0.7477617442402307,0.4585768455208649,128,false,0.701,2.728,0,0,0,0,0
552,S-BP,BinaryTreeModel5NONIncremental,12,0.28918489871936576,0.7477617442402307,0.4585768455208649,128,false,0.706,3.434,0,0,0,0,0
553,S-BP,BinaryTreeModel5NONIncremental,13,0.28918489871936576,0.49672985476636844,0.20754495604700268,256,false,1.179,4.613,0,0,0,0,0
554,S-BP,BinaryTreeModel5NONIncremental,14,0.28918489871936576,0.49672985476636844,0.20754495604700268,256,false,1.17,5.783,0,0,0,0,0
555,S-BP,BinaryTreeModel5NONIncremental,15,0.2919217544932245,0.49391282042035367,0.20199106592712918,128,false,0.762,6.545,0,0,0,0,0
556,S-BP,BinaryTreeModel5NONIncremental,16,0.2919217544932245,0.49391282042035367,0.20199106592712918,128,false,0.739,7.284,0,0,0,0,0
557,S-BP,BinaryTreeModel5NONIncremental,17,0.3132481292110411,0.4569657512749774,0.1437176220639363,64,false,0.532,7.816,0,0,0,0,0
558,S-BP,BinaryTreeModel5NONIncremental,18,0.3132481292110411,0.4569657512749774,0.1437176220639363,64,false,0.537,8.353,0,0,0,0,0
559,S-BP,BinaryTreeModel5NONIncremental,19,0.31562067985456643,0.45572966110285834,0.1401089812482919,32,false,0.422,8.775,0,0,0,0,0
560,S-BP,BinaryTreeModel5NONIncremental,20,0.31562067985456643,0.45572966110285834,0.1401089812482919,32,false,0.426,9.201,0,0,0,0,0
561,S-BP,BinaryTreeModel5NONIncremental,21,0.31659229896099106,0.4552790513221614,0.13868675236117034,16,false,0.359,9.56,0,0,0,0,0
562,S-BP,BinaryTreeModel5NONIncremental,22,0.31659229896099106,0.4552790513221614,0.13868675236117034,16,false,0.37,9.93,0,0,0,0,0
563,S-BP,BinaryTreeModel5NONIncremental,23,0.3379958559717999,0.4311620934909855,0.09316623751918562,8,false,0.264,10.193999999999999,0,0,0,0,0
564,S-BP,BinaryTreeModel5NONIncremental,24,0.3379958559717999,0.4311620934909855,0.09316623751918562,8,false,0.257,10.450999999999999,0,0,0,0,0
565,S-BP,BinaryTreeModel5NONIncremental,25,0.3379958559717999,0.4311620934909855,0.09316623751918562,4,false,0.237,10.687999999999999,0,0,0,0,0
566,S-BP,BinaryTreeModel5NONIncremental,26,0.3379958559717999,0.4311620934909855,0.09316623751918562,4,false,0.226,10.914,0,0,0,0,0
567,S-BP,BinaryTreeModel5NONIncremental,27,0.3379958559717999,0.4034038245895786,0.0654079686177787,2,false,0.185,11.099,0,0,0,0,0
568,S-BP,BinaryTreeModel5NONIncremental,28,0.3379958559717999,0.4034038245895786,0.0654079686177787,2,false,0.194,11.293000000000001,0,0,0,0,0
569,S-BP,BinaryTreeModel5NONIncremental,29,0.38919006107356763,0.38919006107356763,0.0,1,true,0.179,11.472000000000001,0,0,0,0,0
570,S-BP,BinaryTreeModel5NONIncremental,0,0.0,1.0,1.0,2,false,0.0,0.0,0,0,0,0,0
571,S-BP,BinaryTreeModel5NONIncremental,1,0.0,1.0,1.0,3,false,0.025,0.025,0,0,0,0,0
572,S-BP,BinaryTreeModel5NONIncremental,2,0.0,1.0,1.0,3,false,0.03,0.055,0,0,0,0,0
573,S-BP,BinaryTreeModel5NONIncremental,3,0.1065989847715736,1.0,0.8934010152284264,8,false,0.085,0.14,0,0,0,0,0
574,S-BP,BinaryTreeModel5NONIncremental,4,0.1065989847715736,1.0,0.8934010152284264,8,false,0.084,0.22400000000000003,0,0,0,0,0
575,S-BP,BinaryTreeModel5NONIncremental,5,0.1065989847715736,0.8286066584463625,0.7220076736747889,16,false,0.149,0.373,0,0,0,0,0
576,S-BP,BinaryTreeModel5NONIncremental,6,0.1065989847715736,0.8286066584463625,0.7220076736747889,16,false,0.152,0.525,0,0,0,0,0
577,S-BP,BinaryTreeModel5NONIncremental,7,0.25124943207632894,0.7868550368550369,0.5356056047787079,32,false,0.273,0.798,0,0,0,0,0
578,S-BP,BinaryTreeModel5NONIncremental,8,0.25124943207632894,0.7868550368550369,0.5356056047787079,32,false,0.278,1.076,0,0,0,0,0
579,S-BP,BinaryTreeModel5NONIncremental,9,0.25265754926746065,0.7843341069928377,0.531676557725377,64,false,0.47,1.546,0,0,0,0,0
580,S-BP,BinaryTreeModel5NONIncremental,10,0.25265754926746065,0.7843341069928377,0.531676557725377,64,false,0.457,2.003,0,0,0,0,0
581,S-BP,BinaryTreeModel5NONIncremental,11,0.28918489871936576,0.7477617442402307,0.4585768455208649,128,false,0.697,2.7,0,0,0,0,0
582,S-BP,BinaryTreeModel5NONIncremental,12,0.28918489871936576,0.7477617442402307,0.4585768455208649,128,false,0.705,3.4050000000000002,0,0,0,0,0
583,S-BP,BinaryTreeModel5NONIncremental,13,0.28918489871936576,0.49672985476636844,0.20754495604700268,256,false,1.134,4.539,0,0,0,0,0
584,S-BP,BinaryTreeModel5NONIncremental,14,0.28918489871936576,0.49672985476636844,0.20754495604700268,256,false,1.182,5.721,0,0,0,0,0
585,S-BP,BinaryTreeModel5NONIncremental,15,0.2919217544932245,0.49391282042035367,0.20199106592712918,128,false,0.762,6.4830000000000005,0,0,0,0,0
586,S-BP,BinaryTreeModel5NONIncremental,16,0.2919217544932245,0.49391282042035367,0.20199106592712918,128,false,0.737,7.220000000000001,0,0,0,0,0
587,S-BP,BinaryTreeModel5NONIncremental,17,0.3132481292110411,0.4569657512749774,0.1437176220639363,64,false,0.533,7.753000000000001,0,0,0,0,0
588,S-BP,BinaryTreeModel5NONIncremental,18,0.3132481292110411,0.4569657512749774,0.1437176220639363,64,false,0.546,8.299000000000001,0,0,0,0,0
589,S-BP,BinaryTreeModel5NONIncremental,19,0.31562067985456643,0.45572966110285834,0.1401089812482919,32,false,0.425,8.724000000000002,0,0,0,0,0
590,S-BP,BinaryTreeModel5NONIncremental,20,0.31562067985456643,0.45572966110285834,0.1401089812482919,32,false,0.412,9.136000000000003,0,0,0,0,0
591,S-BP,BinaryTreeModel5NONIncremental,21,0.31659229896099106,0.4552790513221614,0.13868675236117034,16,false,0.37,9.506000000000002,0,0,0,0,0
592,S-BP,BinaryTreeModel5NONIncremental,22,0.31659229896099106,0.4552790513221614,0.13868675236117034,16,false,0.368,9.874000000000002,0,0,0,0,0
593,S-BP,BinaryTreeModel5NONIncremental,23,0.3379958559717999,0.4311620934909855,0.09316623751918562,8,false,0.257,10.131000000000002,0,0,0,0,0
594,S-BP,BinaryTreeModel5NONIncremental,24,0.3379958559717999,0.4311620934909855,0.09316623751918562,8,false,0.263,10.394000000000002,0,0,0,0,0
595,S-BP,BinaryTreeModel5NONIncremental,25,0.3379958559717999,0.4311620934909855,0.09316623751918562,4,false,0.221,10.615000000000002,0,0,0,0,0
596,S-BP,BinaryTreeModel5NONIncremental,26,0.3379958559717999,0.4311620934909855,0.09316623751918562,4,false,0.224,10.839000000000002,0,0,0,0,0
597,S-BP,BinaryTreeModel5NONIncremental,27,0.3379958559717999,0.4034038245895786,0.0654079686177787,2,false,0.195,11.034000000000002,0,0,0,0,0
598,S-BP,BinaryTreeModel5NONIncremental,28,0.3379958559717999,0.4034038245895786,0.0654079686177787,2,false,0.188,11.222000000000003,0,0,0,0,0
599,S-BP,BinaryTreeModel5NONIncremental,29,0.38919006107356763,0.38919006107356763,0.0,1,true,0.18,11.402000000000003,0,0,0,0,0
